gtin,element_string,lot,expiry
05422042624382,(01)05422042624382(10)LOTEO2220(17)270824,LOTEO2220,2027-08-24
05564645197105,(01)05564645197105(10)LOTNG6503(17)280210,LOTNG6503,2028-02-10
00089674836221,(01)00089674836221(10)LOTNL4538(17)260320,LOTNL4538,2026-03-20
02551905532953,(01)02551905532953(10)LOTSY3813(17)271028,LOTSY3813,2027-10-28
01312786114970,(01)01312786114970(10)LOTCI0009(17)280827,LOTCI0009,2028-08-27
03957078540983,(01)03957078540983(10)LOTDI8752(17)261128,LOTDI8752,2026-11-28
02080164811153,(01)02080164811153(10)LOTHQ3594(17)270105,LOTHQ3594,2027-01-05
05700290782277,(01)05700290782277(10)LOTCI1424(17)270124,LOTCI1424,2027-01-24
04365809776782,(01)04365809776782(10)LOTQI3084(17)281217,LOTQI3084,2028-12-17
04064131517000,(01)04064131517000(10)LOTFA5430(17)271006,LOTFA5430,2027-10-06
00507131112829,(01)00507131112829(10)LOTZG5757(17)280906,LOTZG5757,2028-09-06
08009942976819,(01)08009942976819(10)LOTCE8462(17)260407,LOTCE8462,2026-04-07
05632099628961,(01)05632099628961(10)LOTEH8606(17)271113,LOTEH8606,2027-11-13
07248788303491,(01)07248788303491(10)LOTYU5102(17)260815,LOTYU5102,2026-08-15
09676918646848,(01)09676918646848(10)LOTRD2515(17)270602,LOTRD2515,2027-06-02
00198814424614,(01)00198814424614(10)LOTOR4857(17)281015,LOTOR4857,2028-10-15
01925305561201,(01)01925305561201(10)LOTJU8646(17)270420,LOTJU8646,2027-04-20
08793127417098,(01)08793127417098(10)LOTXF8718(17)270909,LOTXF8718,2027-09-09
01363278780944,(01)01363278780944(10)LOTRB1075(17)260322,LOTRB1075,2026-03-22
05061677741547,(01)05061677741547(10)LOTND7311(17)270608,LOTND7311,2027-06-08
03629017229326,(01)03629017229326(10)LOTEL2015(17)270521,LOTEL2015,2027-05-21
02720420960316,(01)02720420960316(10)LOTKS4855(17)281019,LOTKS4855,2028-10-19
06560842931428,(01)06560842931428(10)LOTET1105(17)280804,LOTET1105,2028-08-04
04706170647866,(01)04706170647866(10)LOTCF0716(17)280121,LOTCF0716,2028-01-21
09800519425940,(01)09800519425940(10)LOTNF3143(17)261021,LOTNF3143,2026-10-21
08495722037373,(01)08495722037373(10)LOTHY3645(17)280501,LOTHY3645,2028-05-01
01920987722018,(01)01920987722018(10)LOTNO8708(17)281020,LOTNO8708,2028-10-20
01252023220302,(01)01252023220302(10)LOTFJ4405(17)271010,LOTFJ4405,2027-10-10
05565475442236,(01)05565475442236(10)LOTLA1152(17)260317,LOTLA1152,2026-03-17
00279674218015,(01)00279674218015(10)LOTIY0519(17)280707,LOTIY0519,2028-07-07
05545948801203,(01)05545948801203(10)LOTWF4489(17)280608,LOTWF4489,2028-06-08
09164203013487,(01)09164203013487(10)LOTMC0390(17)280204,LOTMC0390,2028-02-04
09890246143958,(01)09890246143958(10)LOTMV4000(17)280602,LOTMV4000,2028-06-02
01275290155283,(01)01275290155283(10)LOTPQ2898(17)270822,LOTPQ2898,2027-08-22
08455597236660,(01)08455597236660(10)LOTXW4992(17)261225,LOTXW4992,2026-12-25
01966455235468,(01)01966455235468(10)LOTXD3037(17)261020,LOTXD3037,2026-10-20
05297503631311,(01)05297503631311(10)LOTHV7005(17)280110,LOTHV7005,2028-01-10
05955948951967,(01)05955948951967(10)LOTUX0110(17)270402,LOTUX0110,2027-04-02
03261110427003,(01)03261110427003(10)LOTPP3584(17)260101,LOTPP3584,2026-01-01
07952957531607,(01)07952957531607(10)LOTXP8550(17)270805,LOTXP8550,2027-08-05
05097605811211,(01)05097605811211(10)LOTWR5035(17)270714,LOTWR5035,2027-07-14
04753564066161,(01)04753564066161(10)LOTZJ6632(17)261219,LOTZJ6632,2026-12-19
02044029429594,(01)02044029429594(10)LOTEB5877(17)260119,LOTEB5877,2026-01-19
08113038250810,(01)08113038250810(10)LOTJJ9063(17)260206,LOTJJ9063,2026-02-06
05989535944810,(01)05989535944810(10)LOTJZ6879(17)260405,LOTJZ6879,2026-04-05
03587204752159,(01)03587204752159(10)LOTSO7717(17)260312,LOTSO7717,2026-03-12
04707591941120,(01)04707591941120(10)LOTLD6117(17)281124,LOTLD6117,2028-11-24
08575052880501,(01)08575052880501(10)LOTUO5649(17)260108,LOTUO5649,2026-01-08
02225422298882,(01)02225422298882(10)LOTUZ8353(17)280821,LOTUZ8353,2028-08-21
05300668694814,(01)05300668694814(10)LOTOX7990(17)271111,LOTOX7990,2027-11-11
03013041707736,(01)03013041707736(10)LOTYF0181(17)270628,LOTYF0181,2027-06-28
02990017086877,(01)02990017086877(10)LOTLD9827(17)260706,LOTLD9827,2026-07-06
01081436874723,(01)01081436874723(10)LOTAX6428(17)271228,LOTAX6428,2027-12-28
08757519435275,(01)08757519435275(10)LOTQP7762(17)270608,LOTQP7762,2027-06-08
06991121825006,(01)06991121825006(10)LOTMP9059(17)260915,LOTMP9059,2026-09-15
06728887790732,(01)06728887790732(10)LOTOF6500(17)261005,LOTOF6500,2026-10-05
05733543703767,(01)05733543703767(10)LOTZF4992(17)260323,LOTZF4992,2026-03-23
03244397231495,(01)03244397231495(10)LOTLT5880(17)270913,LOTLT5880,2027-09-13
09183510046407,(01)09183510046407(10)LOTFO4819(17)280913,LOTFO4819,2028-09-13
06388806478402,(01)06388806478402(10)LOTCR4404(17)270308,LOTCR4404,2027-03-08
02910063643510,(01)02910063643510(10)LOTZX4825(17)260719,LOTZX4825,2026-07-19
04856248084106,(01)04856248084106(10)LOTYZ3651(17)281015,LOTYZ3651,2028-10-15
08536148621194,(01)08536148621194(10)LOTCS7887(17)261009,LOTCS7887,2026-10-09
06488685951284,(01)06488685951284(10)LOTKN6873(17)260513,LOTKN6873,2026-05-13
02337861885278,(01)02337861885278(10)LOTTU5616(17)261027,LOTTU5616,2026-10-27
09747262631436,(01)09747262631436(10)LOTYD1581(17)260126,LOTYD1581,2026-01-26
02120007521730,(01)02120007521730(10)LOTIO9407(17)260526,LOTIO9407,2026-05-26
05936482357491,(01)05936482357491(10)LOTQH5629(17)270310,LOTQH5629,2027-03-10
04863375980195,(01)04863375980195(10)LOTPR3745(17)270921,LOTPR3745,2027-09-21
09377535585526,(01)09377535585526(10)LOTQV0544(17)280706,LOTQV0544,2028-07-06
06778999392966,(01)06778999392966(10)LOTGT3501(17)271108,LOTGT3501,2027-11-08
01081731042483,(01)01081731042483(10)LOTQJ2414(17)270714,LOTQJ2414,2027-07-14
09698897297019,(01)09698897297019(10)LOTMJ6744(17)261218,LOTMJ6744,2026-12-18
02188365947203,(01)02188365947203(10)LOTHG2422(17)271224,LOTHG2422,2027-12-24
01866498602909,(01)01866498602909(10)LOTTH3370(17)270123,LOTTH3370,2027-01-23
07529411164062,(01)07529411164062(10)LOTCF9601(17)280114,LOTCF9601,2028-01-14
00095157213991,(01)00095157213991(10)LOTOS6607(17)281005,LOTOS6607,2028-10-05
00711181449150,(01)00711181449150(10)LOTNT9711(17)270724,LOTNT9711,2027-07-24
03907611758863,(01)03907611758863(10)LOTFR9309(17)281121,LOTFR9309,2028-11-21
01455027263911,(01)01455027263911(10)LOTVJ2447(17)261014,LOTVJ2447,2026-10-14
09143278796525,(01)09143278796525(10)LOTOJ0603(17)271109,LOTOJ0603,2027-11-09
09748991132447,(01)09748991132447(10)LOTGC2637(17)280621,LOTGC2637,2028-06-21
09099632112244,(01)09099632112244(10)LOTAK7823(17)280603,LOTAK7823,2028-06-03
08884327737243,(01)08884327737243(10)LOTLM3381(17)280320,LOTLM3381,2028-03-20
08275540059869,(01)08275540059869(10)LOTJG0921(17)270206,LOTJG0921,2027-02-06
05584309252964,(01)05584309252964(10)LOTIK3497(17)280920,LOTIK3497,2028-09-20
05248427977191,(01)05248427977191(10)LOTXQ3589(17)280422,LOTXQ3589,2028-04-22
02932454077667,(01)02932454077667(10)LOTMV1550(17)270718,LOTMV1550,2027-07-18
03340517344905,(01)03340517344905(10)LOTRP1318(17)270907,LOTRP1318,2027-09-07
00789999412338,(01)00789999412338(10)LOTSE5432(17)260507,LOTSE5432,2026-05-07
05523204376733,(01)05523204376733(10)LOTSU0972(17)260521,LOTSU0972,2026-05-21
07125260739071,(01)07125260739071(10)LOTYH7528(17)271104,LOTYH7528,2027-11-04
03681382948936,(01)03681382948936(10)LOTKA6061(17)260425,LOTKA6061,2026-04-25
03394612701538,(01)03394612701538(10)LOTAI2488(17)280313,LOTAI2488,2028-03-13
05910905509384,(01)05910905509384(10)LOTRL0637(17)281202,LOTRL0637,2028-12-02
04554478863019,(01)04554478863019(10)LOTUI6370(17)280523,LOTUI6370,2028-05-23
03290562578889,(01)03290562578889(10)LOTAT7066(17)280915,LOTAT7066,2028-09-15
01828095025185,(01)01828095025185(10)LOTEG4029(17)270211,LOTEG4029,2027-02-11
05622793713063,(01)05622793713063(10)LOTYF3853(17)280520,LOTYF3853,2028-05-20
09633031096257,(01)09633031096257(10)LOTXQ3434(17)280320,LOTXQ3434,2028-03-20
00362754109898,(01)00362754109898(10)LOTVX8262(17)280115,LOTVX8262,2028-01-15
08912161034539,(01)08912161034539(10)LOTEH0645(17)271203,LOTEH0645,2027-12-03
08372286721453,(01)08372286721453(10)LOTLJ4489(17)261212,LOTLJ4489,2026-12-12
02905426226141,(01)02905426226141(10)LOTNT9017(17)280111,LOTNT9017,2028-01-11
08343796360654,(01)08343796360654(10)LOTLL4620(17)260511,LOTLL4620,2026-05-11
06043681292252,(01)06043681292252(10)LOTOD1833(17)270925,LOTOD1833,2027-09-25
01212152578804,(01)01212152578804(10)LOTWG9726(17)260317,LOTWG9726,2026-03-17
03854903133122,(01)03854903133122(10)LOTFT3366(17)260708,LOTFT3366,2026-07-08
07729513037633,(01)07729513037633(10)LOTGL5626(17)260111,LOTGL5626,2026-01-11
05592486500785,(01)05592486500785(10)LOTOW0160(17)280908,LOTOW0160,2028-09-08
03422073987090,(01)03422073987090(10)LOTZQ8916(17)280914,LOTZQ8916,2028-09-14
08328277116395,(01)08328277116395(10)LOTZC9220(17)260502,LOTZC9220,2026-05-02
07231749592706,(01)07231749592706(10)LOTTD8591(17)270611,LOTTD8591,2027-06-11
01039633509160,(01)01039633509160(10)LOTSB8798(17)270126,LOTSB8798,2027-01-26
05074684640925,(01)05074684640925(10)LOTYM5953(17)270322,LOTYM5953,2027-03-22
07845716424909,(01)07845716424909(10)LOTBO9315(17)270304,LOTBO9315,2027-03-04
09854154776462,(01)09854154776462(10)LOTBL4477(17)270212,LOTBL4477,2027-02-12
02778371483422,(01)02778371483422(10)LOTTO2000(17)271108,LOTTO2000,2027-11-08
04828830234718,(01)04828830234718(10)LOTPS1791(17)261106,LOTPS1791,2026-11-06
06450017974605,(01)06450017974605(10)LOTIF3281(17)280613,LOTIF3281,2028-06-13
07091541194856,(01)07091541194856(10)LOTCL2601(17)260401,LOTCL2601,2026-04-01
02487940323020,(01)02487940323020(10)LOTRB7980(17)280127,LOTRB7980,2028-01-27
09296954312578,(01)09296954312578(10)LOTZF4769(17)280906,LOTZF4769,2028-09-06
02263561017865,(01)02263561017865(10)LOTIT4352(17)260714,LOTIT4352,2026-07-14
02453474542930,(01)02453474542930(10)LOTFM2242(17)270522,LOTFM2242,2027-05-22
04089956124141,(01)04089956124141(10)LOTMB3343(17)281125,LOTMB3343,2028-11-25
07053350391697,(01)07053350391697(10)LOTVK3088(17)261118,LOTVK3088,2026-11-18
02288171896617,(01)02288171896617(10)LOTNJ5529(17)270405,LOTNJ5529,2027-04-05
08342166461632,(01)08342166461632(10)LOTEI6782(17)280114,LOTEI6782,2028-01-14
01936876830658,(01)01936876830658(10)LOTUA1672(17)280914,LOTUA1672,2028-09-14
02285864780888,(01)02285864780888(10)LOTUZ9438(17)260711,LOTUZ9438,2026-07-11
06806104334263,(01)06806104334263(10)LOTUV5634(17)280420,LOTUV5634,2028-04-20
07896919619401,(01)07896919619401(10)LOTXB4052(17)280204,LOTXB4052,2028-02-04
03402405109406,(01)03402405109406(10)LOTTA4526(17)280214,LOTTA4526,2028-02-14
03193910165642,(01)03193910165642(10)LOTSW6361(17)280127,LOTSW6361,2028-01-27
08660371751721,(01)08660371751721(10)LOTXJ7458(17)271205,LOTXJ7458,2027-12-05
06002051248220,(01)06002051248220(10)LOTRE4519(17)281024,LOTRE4519,2028-10-24
09114553797384,(01)09114553797384(10)LOTUF3141(17)271006,LOTUF3141,2027-10-06
05745666177455,(01)05745666177455(10)LOTVQ8286(17)261226,LOTVQ8286,2026-12-26
05419356852723,(01)05419356852723(10)LOTUW7966(17)270405,LOTUW7966,2027-04-05
03910273360589,(01)03910273360589(10)LOTFC6470(17)280608,LOTFC6470,2028-06-08
02647655552539,(01)02647655552539(10)LOTLD7392(17)280505,LOTLD7392,2028-05-05
02077261752892,(01)02077261752892(10)LOTFF2161(17)261108,LOTFF2161,2026-11-08
07286493173329,(01)07286493173329(10)LOTHY5658(17)270416,LOTHY5658,2027-04-16
07230003302907,(01)07230003302907(10)LOTUY2414(17)280422,LOTUY2414,2028-04-22
03863668265115,(01)03863668265115(10)LOTBX1173(17)271216,LOTBX1173,2027-12-16
05499957434276,(01)05499957434276(10)LOTVC5320(17)260212,LOTVC5320,2026-02-12
09364042605038,(01)09364042605038(10)LOTYK2978(17)270308,LOTYK2978,2027-03-08
04663851526523,(01)04663851526523(10)LOTFV3433(17)260805,LOTFV3433,2026-08-05
03559565272799,(01)03559565272799(10)LOTUF6620(17)260616,LOTUF6620,2026-06-16
08113310600357,(01)08113310600357(10)LOTQO4552(17)261119,LOTQO4552,2026-11-19
02890551403652,(01)02890551403652(10)LOTUN4187(17)281001,LOTUN4187,2028-10-01
09351194283191,(01)09351194283191(10)LOTQU1206(17)260302,LOTQU1206,2026-03-02
07905460830040,(01)07905460830040(10)LOTCP1071(17)281211,LOTCP1071,2028-12-11
09279214355812,(01)09279214355812(10)LOTDV6039(17)260209,LOTDV6039,2026-02-09
08282696275210,(01)08282696275210(10)LOTGR2494(17)280704,LOTGR2494,2028-07-04
07162217984924,(01)07162217984924(10)LOTMJ8121(17)260214,LOTMJ8121,2026-02-14
09251981457388,(01)09251981457388(10)LOTSY8379(17)280902,LOTSY8379,2028-09-02
07894669857753,(01)07894669857753(10)LOTSC1054(17)280405,LOTSC1054,2028-04-05
00800940038381,(01)00800940038381(10)LOTJO8206(17)280121,LOTJO8206,2028-01-21
06439607081688,(01)06439607081688(10)LOTDU4472(17)261221,LOTDU4472,2026-12-21
07742002737043,(01)07742002737043(10)LOTDU8670(17)260703,LOTDU8670,2026-07-03
06892448838789,(01)06892448838789(10)LOTMO9087(17)260114,LOTMO9087,2026-01-14
09956557158057,(01)09956557158057(10)LOTYW4466(17)270305,LOTYW4466,2027-03-05
02966988905929,(01)02966988905929(10)LOTTF1383(17)271203,LOTTF1383,2027-12-03
04912231018654,(01)04912231018654(10)LOTHD7471(17)260113,LOTHD7471,2026-01-13
04887105509708,(01)04887105509708(10)LOTCR2208(17)280312,LOTCR2208,2028-03-12
08425111335070,(01)08425111335070(10)LOTHR6781(17)281111,LOTHR6781,2028-11-11
03255794199776,(01)03255794199776(10)LOTEM9476(17)280102,LOTEM9476,2028-01-02
09732664606601,(01)09732664606601(10)LOTDC1924(17)260202,LOTDC1924,2026-02-02
04228544599842,(01)04228544599842(10)LOTAA6353(17)260923,LOTAA6353,2026-09-23
05708687435645,(01)05708687435645(10)LOTBN3069(17)260106,LOTBN3069,2026-01-06
05530666667477,(01)05530666667477(10)LOTZG1427(17)270715,LOTZG1427,2027-07-15
02657624628530,(01)02657624628530(10)LOTHM7365(17)280328,LOTHM7365,2028-03-28
02303675411750,(01)02303675411750(10)LOTBE9922(17)270323,LOTBE9922,2027-03-23
03613221936255,(01)03613221936255(10)LOTJX4596(17)260417,LOTJX4596,2026-04-17
02375909789539,(01)02375909789539(10)LOTWB9836(17)260915,LOTWB9836,2026-09-15
07247023987427,(01)07247023987427(10)LOTDW5883(17)261125,LOTDW5883,2026-11-25
07744307529002,(01)07744307529002(10)LOTQT7669(17)280910,LOTQT7669,2028-09-10
08581074030084,(01)08581074030084(10)LOTRV9469(17)260926,LOTRV9469,2026-09-26
08463215912148,(01)08463215912148(10)LOTHZ2192(17)270515,LOTHZ2192,2027-05-15
03495385318890,(01)03495385318890(10)LOTKQ3829(17)280226,LOTKQ3829,2028-02-26
03673498404673,(01)03673498404673(10)LOTOS3906(17)281204,LOTOS3906,2028-12-04
05166208141473,(01)05166208141473(10)LOTUA0201(17)280926,LOTUA0201,2028-09-26
09891483025625,(01)09891483025625(10)LOTAR4509(17)271116,LOTAR4509,2027-11-16
00462690469169,(01)00462690469169(10)LOTQH0482(17)260425,LOTQH0482,2026-04-25
00878241839778,(01)00878241839778(10)LOTWI2137(17)261223,LOTWI2137,2026-12-23
07793999166705,(01)07793999166705(10)LOTTB9828(17)271202,LOTTB9828,2027-12-02
07262894879527,(01)07262894879527(10)LOTSM8946(17)270619,LOTSM8946,2027-06-19
09431716486313,(01)09431716486313(10)LOTTB9940(17)270818,LOTTB9940,2027-08-18
07980349133986,(01)07980349133986(10)LOTRS9216(17)270428,LOTRS9216,2027-04-28
01054245678820,(01)01054245678820(10)LOTYH4041(17)260826,LOTYH4041,2026-08-26
09674345808624,(01)09674345808624(10)LOTOI5083(17)260318,LOTOI5083,2026-03-18
08894716820999,(01)08894716820999(10)LOTMC6660(17)260619,LOTMC6660,2026-06-19
05277790239438,(01)05277790239438(10)LOTZG5279(17)280210,LOTZG5279,2028-02-10
03461680077985,(01)03461680077985(10)LOTIX6058(17)281021,LOTIX6058,2028-10-21
07004118585391,(01)07004118585391(10)LOTID3605(17)280626,LOTID3605,2028-06-26
03768259264303,(01)03768259264303(10)LOTGT7920(17)260413,LOTGT7920,2026-04-13
09928970655963,(01)09928970655963(10)LOTQJ3732(17)271010,LOTQJ3732,2027-10-10
03123308533524,(01)03123308533524(10)LOTTP6366(17)270521,LOTTP6366,2027-05-21
00053064910655,(01)00053064910655(10)LOTZX5742(17)280627,LOTZX5742,2028-06-27
09561102193355,(01)09561102193355(10)LOTRW0870(17)280621,LOTRW0870,2028-06-21
02370201727890,(01)02370201727890(10)LOTUR6810(17)260228,LOTUR6810,2026-02-28
08941758482286,(01)08941758482286(10)LOTUJ7563(17)280804,LOTUJ7563,2028-08-04
06200805747177,(01)06200805747177(10)LOTNN8608(17)270101,LOTNN8608,2027-01-01
09795936904188,(01)09795936904188(10)LOTOQ2370(17)260403,LOTOQ2370,2026-04-03
08979965305067,(01)08979965305067(10)LOTHU3075(17)260813,LOTHU3075,2026-08-13
01014595596144,(01)01014595596144(10)LOTOC3236(17)270220,LOTOC3236,2027-02-20
08870491795080,(01)08870491795080(10)LOTXE4621(17)260224,LOTXE4621,2026-02-24
08024510629294,(01)08024510629294(10)LOTZG9971(17)280716,LOTZG9971,2028-07-16
03938833703133,(01)03938833703133(10)LOTUF7275(17)280127,LOTUF7275,2028-01-27
03918097441064,(01)03918097441064(10)LOTQE0185(17)270501,LOTQE0185,2027-05-01
03389881966108,(01)03389881966108(10)LOTQC5366(17)280822,LOTQC5366,2028-08-22
03797405554265,(01)03797405554265(10)LOTLZ1524(17)270418,LOTLZ1524,2027-04-18
09493217548006,(01)09493217548006(10)LOTDM8649(17)280215,LOTDM8649,2028-02-15
05296296949702,(01)05296296949702(10)LOTDK7741(17)270701,LOTDK7741,2027-07-01
08383334199742,(01)08383334199742(10)LOTMO3859(17)260526,LOTMO3859,2026-05-26
06102350942765,(01)06102350942765(10)LOTGW1274(17)280225,LOTGW1274,2028-02-25
03486919021263,(01)03486919021263(10)LOTCG9298(17)260521,LOTCG9298,2026-05-21
01101139121501,(01)01101139121501(10)LOTMZ9286(17)281012,LOTMZ9286,2028-10-12
03649301783426,(01)03649301783426(10)LOTPW4594(17)270312,LOTPW4594,2027-03-12
08417915510821,(01)08417915510821(10)LOTFN5142(17)260618,LOTFN5142,2026-06-18
09362644521435,(01)09362644521435(10)LOTKD5625(17)280211,LOTKD5625,2028-02-11
04503671482589,(01)04503671482589(10)LOTPR0738(17)271012,LOTPR0738,2027-10-12
04945876426256,(01)04945876426256(10)LOTWN6739(17)260617,LOTWN6739,2026-06-17
00964337109204,(01)00964337109204(10)LOTQO1021(17)261009,LOTQO1021,2026-10-09
05560845072204,(01)05560845072204(10)LOTSR0004(17)270928,LOTSR0004,2027-09-28
04767480021715,(01)04767480021715(10)LOTXE4798(17)281004,LOTXE4798,2028-10-04
08028459112381,(01)08028459112381(10)LOTEK6360(17)280717,LOTEK6360,2028-07-17
07669626133030,(01)07669626133030(10)LOTHE4390(17)270320,LOTHE4390,2027-03-20
01992833573570,(01)01992833573570(10)LOTFM7698(17)270719,LOTFM7698,2027-07-19
02457119211151,(01)02457119211151(10)LOTGL5484(17)260127,LOTGL5484,2026-01-27
07299643076814,(01)07299643076814(10)LOTPC6394(17)270228,LOTPC6394,2027-02-28
08865700202732,(01)08865700202732(10)LOTMV7053(17)270207,LOTMV7053,2027-02-07
07749889797108,(01)07749889797108(10)LOTLX4265(17)270523,LOTLX4265,2027-05-23
00594267745915,(01)00594267745915(10)LOTZE8445(17)260319,LOTZE8445,2026-03-19
05728268625302,(01)05728268625302(10)LOTUN3537(17)280309,LOTUN3537,2028-03-09
08915986866033,(01)08915986866033(10)LOTMI6628(17)280316,LOTMI6628,2028-03-16
08430000602997,(01)08430000602997(10)LOTWJ7929(17)280807,LOTWJ7929,2028-08-07
00304187504628,(01)00304187504628(10)LOTLC3426(17)280627,LOTLC3426,2028-06-27
08049397034566,(01)08049397034566(10)LOTUM9903(17)260322,LOTUM9903,2026-03-22
01110851424319,(01)01110851424319(10)LOTFG8436(17)280923,LOTFG8436,2028-09-23
05071397963334,(01)05071397963334(10)LOTFV1467(17)280104,LOTFV1467,2028-01-04
08774290161162,(01)08774290161162(10)LOTUZ7050(17)260306,LOTUZ7050,2026-03-06
04597459318351,(01)04597459318351(10)LOTWD3880(17)260803,LOTWD3880,2026-08-03
05396114457287,(01)05396114457287(10)LOTJU9509(17)280301,LOTJU9509,2028-03-01
05323922410890,(01)05323922410890(10)LOTLO7930(17)280608,LOTLO7930,2028-06-08
04913509177523,(01)04913509177523(10)LOTKK9064(17)260814,LOTKK9064,2026-08-14
02599243294713,(01)02599243294713(10)LOTNN3793(17)270319,LOTNN3793,2027-03-19
07836889445297,(01)07836889445297(10)LOTZE9031(17)270211,LOTZE9031,2027-02-11
01289460079774,(01)01289460079774(10)LOTYM2200(17)260805,LOTYM2200,2026-08-05
06286735749290,(01)06286735749290(10)LOTIL4841(17)271210,LOTIL4841,2027-12-10
00256979237514,(01)00256979237514(10)LOTAR7444(17)270208,LOTAR7444,2027-02-08
08610987946226,(01)08610987946226(10)LOTUQ5568(17)280426,LOTUQ5568,2028-04-26
06258215227406,(01)06258215227406(10)LOTMP4023(17)271105,LOTMP4023,2027-11-05
05572476462378,(01)05572476462378(10)LOTXI8217(17)281003,LOTXI8217,2028-10-03
00269034279893,(01)00269034279893(10)LOTHT9707(17)280601,LOTHT9707,2028-06-01
04339669708757,(01)04339669708757(10)LOTQA5049(17)261101,LOTQA5049,2026-11-01
03556806708192,(01)03556806708192(10)LOTRJ1176(17)260413,LOTRJ1176,2026-04-13
02077605445329,(01)02077605445329(10)LOTCG0002(17)280902,LOTCG0002,2028-09-02
06171084698057,(01)06171084698057(10)LOTNQ5969(17)270809,LOTNQ5969,2027-08-09
02050381476749,(01)02050381476749(10)LOTRE4623(17)260825,LOTRE4623,2026-08-25
06285137838830,(01)06285137838830(10)LOTNH7580(17)270627,LOTNH7580,2027-06-27
08092739003089,(01)08092739003089(10)LOTCC0454(17)260408,LOTCC0454,2026-04-08
01429656003491,(01)01429656003491(10)LOTHD2809(17)281016,LOTHD2809,2028-10-16
01552129803523,(01)01552129803523(10)LOTQO1746(17)270719,LOTQO1746,2027-07-19
01225238960851,(01)01225238960851(10)LOTGH0191(17)271007,LOTGH0191,2027-10-07
03253199720724,(01)03253199720724(10)LOTSZ1975(17)260506,LOTSZ1975,2026-05-06
00955382430566,(01)00955382430566(10)LOTXC6169(17)280805,LOTXC6169,2028-08-05
00936691455556,(01)00936691455556(10)LOTMP2897(17)270917,LOTMP2897,2027-09-17
07989007776404,(01)07989007776404(10)LOTHT4254(17)261112,LOTHT4254,2026-11-12
08675394555164,(01)08675394555164(10)LOTET7814(17)270415,LOTET7814,2027-04-15
02137588914103,(01)02137588914103(10)LOTBN8826(17)270424,LOTBN8826,2027-04-24
04696687408220,(01)04696687408220(10)LOTRM6457(17)280919,LOTRM6457,2028-09-19
07902670674150,(01)07902670674150(10)LOTUH5316(17)270610,LOTUH5316,2027-06-10
02724055679155,(01)02724055679155(10)LOTKX7414(17)260508,LOTKX7414,2026-05-08
00611489202375,(01)00611489202375(10)LOTTM7371(17)261006,LOTTM7371,2026-10-06
09025093650681,(01)09025093650681(10)LOTGY7178(17)281023,LOTGY7178,2028-10-23
08260124722598,(01)08260124722598(10)LOTTM9727(17)271110,LOTTM9727,2027-11-10
01238373090758,(01)01238373090758(10)LOTXA1095(17)260810,LOTXA1095,2026-08-10
09402226615906,(01)09402226615906(10)LOTAP4171(17)271205,LOTAP4171,2027-12-05
07366003434727,(01)07366003434727(10)LOTWS2727(17)260628,LOTWS2727,2026-06-28
05468494869292,(01)05468494869292(10)LOTQR7810(17)280506,LOTQR7810,2028-05-06
00746431596070,(01)00746431596070(10)LOTJT0990(17)270910,LOTJT0990,2027-09-10
09101876140362,(01)09101876140362(10)LOTEN3418(17)281218,LOTEN3418,2028-12-18
05973959901863,(01)05973959901863(10)LOTLE6771(17)281123,LOTLE6771,2028-11-23
08004302496754,(01)08004302496754(10)LOTUD1347(17)260117,LOTUD1347,2026-01-17
05491659798496,(01)05491659798496(10)LOTPH9424(17)260310,LOTPH9424,2026-03-10
08047045653497,(01)08047045653497(10)LOTHK1036(17)261025,LOTHK1036,2026-10-25
02331426404164,(01)02331426404164(10)LOTFP2639(17)261224,LOTFP2639,2026-12-24
00169866361134,(01)00169866361134(10)LOTFG5809(17)280726,LOTFG5809,2028-07-26
09111346587375,(01)09111346587375(10)LOTUZ3024(17)280826,LOTUZ3024,2028-08-26
03942994480727,(01)03942994480727(10)LOTQP9919(17)271217,LOTQP9919,2027-12-17
09615100326359,(01)09615100326359(10)LOTRN3641(17)260306,LOTRN3641,2026-03-06
01606091738403,(01)01606091738403(10)LOTQA5455(17)280917,LOTQA5455,2028-09-17
02741168433290,(01)02741168433290(10)LOTTW9202(17)261105,LOTTW9202,2026-11-05
00707250705289,(01)00707250705289(10)LOTGW6345(17)280211,LOTGW6345,2028-02-11
06463516329920,(01)06463516329920(10)LOTXA5824(17)260817,LOTXA5824,2026-08-17
08571328599344,(01)08571328599344(10)LOTGC8473(17)280108,LOTGC8473,2028-01-08
02813961564201,(01)02813961564201(10)LOTUB5965(17)270102,LOTUB5965,2027-01-02
02006438301908,(01)02006438301908(10)LOTUX2641(17)270610,LOTUX2641,2027-06-10
08411923369525,(01)08411923369525(10)LOTAO9399(17)280219,LOTAO9399,2028-02-19
09843464651286,(01)09843464651286(10)LOTZW3323(17)260811,LOTZW3323,2026-08-11
09677754289107,(01)09677754289107(10)LOTKL6240(17)260218,LOTKL6240,2026-02-18
09536022555316,(01)09536022555316(10)LOTXO9386(17)281208,LOTXO9386,2028-12-08
03110107292011,(01)03110107292011(10)LOTMS3017(17)280714,LOTMS3017,2028-07-14
07792977619424,(01)07792977619424(10)LOTZG4597(17)260302,LOTZG4597,2026-03-02
04754040822202,(01)04754040822202(10)LOTHF2463(17)270207,LOTHF2463,2027-02-07
07992999276937,(01)07992999276937(10)LOTJQ5433(17)260302,LOTJQ5433,2026-03-02
02095791338706,(01)02095791338706(10)LOTWT2231(17)270504,LOTWT2231,2027-05-04
01620708005955,(01)01620708005955(10)LOTKK6762(17)280118,LOTKK6762,2028-01-18
08394958843553,(01)08394958843553(10)LOTSD7504(17)270706,LOTSD7504,2027-07-06
01277768067012,(01)01277768067012(10)LOTIO3107(17)280124,LOTIO3107,2028-01-24
09787283247988,(01)09787283247988(10)LOTKR5945(17)261223,LOTKR5945,2026-12-23
04059761489001,(01)04059761489001(10)LOTJE4822(17)261103,LOTJE4822,2026-11-03
01847671244239,(01)01847671244239(10)LOTSM5631(17)260218,LOTSM5631,2026-02-18
06425265275460,(01)06425265275460(10)LOTDH4279(17)270923,LOTDH4279,2027-09-23
01061931013056,(01)01061931013056(10)LOTBV4199(17)271210,LOTBV4199,2027-12-10
01548911094828,(01)01548911094828(10)LOTVT3478(17)280521,LOTVT3478,2028-05-21
07265000337423,(01)07265000337423(10)LOTQQ0706(17)271020,LOTQQ0706,2027-10-20
04093586684289,(01)04093586684289(10)LOTUF3972(17)280213,LOTUF3972,2028-02-13
03071921273092,(01)03071921273092(10)LOTNG9744(17)281225,LOTNG9744,2028-12-25
00689377810674,(01)00689377810674(10)LOTXL4490(17)280612,LOTXL4490,2028-06-12
00823305678909,(01)00823305678909(10)LOTNW7796(17)280705,LOTNW7796,2028-07-05
01574076675725,(01)01574076675725(10)LOTXB0677(17)281222,LOTXB0677,2028-12-22
08241363861088,(01)08241363861088(10)LOTSM8650(17)260206,LOTSM8650,2026-02-06
03868398068081,(01)03868398068081(10)LOTGF8415(17)270708,LOTGF8415,2027-07-08
09856773963247,(01)09856773963247(10)LOTQT7532(17)280414,LOTQT7532,2028-04-14
03108546749623,(01)03108546749623(10)LOTKZ1380(17)260519,LOTKZ1380,2026-05-19
00740037951530,(01)00740037951530(10)LOTEF7126(17)270305,LOTEF7126,2027-03-05
09385316753026,(01)09385316753026(10)LOTSD8253(17)270809,LOTSD8253,2027-08-09
01715018289154,(01)01715018289154(10)LOTXI6416(17)271007,LOTXI6416,2027-10-07
09003698129696,(01)09003698129696(10)LOTWY8220(17)260315,LOTWY8220,2026-03-15
01952557348526,(01)01952557348526(10)LOTLZ1682(17)280506,LOTLZ1682,2028-05-06
04780550595954,(01)04780550595954(10)LOTQQ8591(17)280812,LOTQQ8591,2028-08-12
01985549448539,(01)01985549448539(10)LOTSG1131(17)270621,LOTSG1131,2027-06-21
05330435713325,(01)05330435713325(10)LOTGI8345(17)260723,LOTGI8345,2026-07-23
05458414018565,(01)05458414018565(10)LOTDC0047(17)260426,LOTDC0047,2026-04-26
03893037185836,(01)03893037185836(10)LOTKZ8319(17)260126,LOTKZ8319,2026-01-26
06647569988055,(01)06647569988055(10)LOTXH3067(17)280817,LOTXH3067,2028-08-17
04203014058326,(01)04203014058326(10)LOTPY2262(17)281106,LOTPY2262,2028-11-06
07595455693844,(01)07595455693844(10)LOTKJ2283(17)281216,LOTKJ2283,2028-12-16
05174188847575,(01)05174188847575(10)LOTZZ3313(17)261212,LOTZZ3313,2026-12-12
00010492545682,(01)00010492545682(10)LOTZR7891(17)271223,LOTZR7891,2027-12-23
01567704175162,(01)01567704175162(10)LOTRV1313(17)270209,LOTRV1313,2027-02-09
09770914688526,(01)09770914688526(10)LOTGB7601(17)270105,LOTGB7601,2027-01-05
07506310937386,(01)07506310937386(10)LOTTG9819(17)260321,LOTTG9819,2026-03-21
07399831199988,(01)07399831199988(10)LOTXZ3649(17)280313,LOTXZ3649,2028-03-13
07996035482887,(01)07996035482887(10)LOTNW7045(17)270706,LOTNW7045,2027-07-06
06212341273669,(01)06212341273669(10)LOTZN9374(17)280227,LOTZN9374,2028-02-27
01726407482520,(01)01726407482520(10)LOTBU4355(17)280916,LOTBU4355,2028-09-16
00617617359553,(01)00617617359553(10)LOTTZ6565(17)270306,LOTTZ6565,2027-03-06
02596206929279,(01)02596206929279(10)LOTRB6736(17)260722,LOTRB6736,2026-07-22
08168048951059,(01)08168048951059(10)LOTZM7894(17)280502,LOTZM7894,2028-05-02
05859472744944,(01)05859472744944(10)LOTLK9646(17)260813,LOTLK9646,2026-08-13
04006638509317,(01)04006638509317(10)LOTUO2348(17)270913,LOTUO2348,2027-09-13
02190915634303,(01)02190915634303(10)LOTOO7733(17)280508,LOTOO7733,2028-05-08
09540256163414,(01)09540256163414(10)LOTYL1462(17)280110,LOTYL1462,2028-01-10
01591892363896,(01)01591892363896(10)LOTDU8817(17)280413,LOTDU8817,2028-04-13
06203095162170,(01)06203095162170(10)LOTWL7848(17)260106,LOTWL7848,2026-01-06
04823493840856,(01)04823493840856(10)LOTLH6263(17)270316,LOTLH6263,2027-03-16
00651114051886,(01)00651114051886(10)LOTGR0388(17)260519,LOTGR0388,2026-05-19
04268093113618,(01)04268093113618(10)LOTHT0752(17)280207,LOTHT0752,2028-02-07
02881728024497,(01)02881728024497(10)LOTBU7106(17)260616,LOTBU7106,2026-06-16
03553693016607,(01)03553693016607(10)LOTEO8762(17)260507,LOTEO8762,2026-05-07
08183768508505,(01)08183768508505(10)LOTMJ9030(17)261228,LOTMJ9030,2026-12-28
03365340808912,(01)03365340808912(10)LOTEW8188(17)280407,LOTEW8188,2028-04-07
05809830622445,(01)05809830622445(10)LOTFT5730(17)260325,LOTFT5730,2026-03-25
08523754165471,(01)08523754165471(10)LOTKP1988(17)280608,LOTKP1988,2028-06-08
05736321406720,(01)05736321406720(10)LOTMP0717(17)280114,LOTMP0717,2028-01-14
01309252634636,(01)01309252634636(10)LOTFJ0165(17)280725,LOTFJ0165,2028-07-25
04392226429564,(01)04392226429564(10)LOTTU2396(17)270303,LOTTU2396,2027-03-03
02585774199467,(01)02585774199467(10)LOTAG4647(17)271104,LOTAG4647,2027-11-04
00907898642087,(01)00907898642087(10)LOTQJ5515(17)270415,LOTQJ5515,2027-04-15
04399607583778,(01)04399607583778(10)LOTLA4602(17)270307,LOTLA4602,2027-03-07
02402352318310,(01)02402352318310(10)LOTXQ7260(17)280913,LOTXQ7260,2028-09-13
01957224110376,(01)01957224110376(10)LOTSK6589(17)270920,LOTSK6589,2027-09-20
01375168569010,(01)01375168569010(10)LOTPN4228(17)281007,LOTPN4228,2028-10-07
03931425885910,(01)03931425885910(10)LOTEW8630(17)280705,LOTEW8630,2028-07-05
00385307399409,(01)00385307399409(10)LOTNW6212(17)261109,LOTNW6212,2026-11-09
01315200444677,(01)01315200444677(10)LOTMX6221(17)271112,LOTMX6221,2027-11-12
00348839749425,(01)00348839749425(10)LOTKN3436(17)280403,LOTKN3436,2028-04-03
05457303519015,(01)05457303519015(10)LOTOD4814(17)270420,LOTOD4814,2027-04-20
02763300551310,(01)02763300551310(10)LOTFD5485(17)260416,LOTFD5485,2026-04-16
01904126018910,(01)01904126018910(10)LOTQK3492(17)270415,LOTQK3492,2027-04-15
03688212867962,(01)03688212867962(10)LOTBC2235(17)280905,LOTBC2235,2028-09-05
09386841988631,(01)09386841988631(10)LOTKZ6850(17)261107,LOTKZ6850,2026-11-07
03058616115325,(01)03058616115325(10)LOTFN2547(17)260816,LOTFN2547,2026-08-16
08538660715757,(01)08538660715757(10)LOTNI0343(17)280311,LOTNI0343,2028-03-11
00118345523709,(01)00118345523709(10)LOTIV7585(17)281028,LOTIV7585,2028-10-28
00046713606474,(01)00046713606474(10)LOTXS3771(17)280104,LOTXS3771,2028-01-04
06847317174130,(01)06847317174130(10)LOTFX1769(17)270605,LOTFX1769,2027-06-05
02212982576734,(01)02212982576734(10)LOTGA6326(17)260814,LOTGA6326,2026-08-14
03959404214087,(01)03959404214087(10)LOTKR6288(17)280819,LOTKR6288,2028-08-19
08261764629636,(01)08261764629636(10)LOTEZ2800(17)281203,LOTEZ2800,2028-12-03
04957091321278,(01)04957091321278(10)LOTGV5113(17)270308,LOTGV5113,2027-03-08
08119611306776,(01)08119611306776(10)LOTEY4895(17)280121,LOTEY4895,2028-01-21
08636879850891,(01)08636879850891(10)LOTQS0577(17)280508,LOTQS0577,2028-05-08
05628006091362,(01)05628006091362(10)LOTYE8248(17)281016,LOTYE8248,2028-10-16
08997267569833,(01)08997267569833(10)LOTTD2715(17)260615,LOTTD2715,2026-06-15
00982517003500,(01)00982517003500(10)LOTHV3982(17)260411,LOTHV3982,2026-04-11
09773576658791,(01)09773576658791(10)LOTRL8073(17)261101,LOTRL8073,2026-11-01
08991781578081,(01)08991781578081(10)LOTUF5962(17)280907,LOTUF5962,2028-09-07
01381803543185,(01)01381803543185(10)LOTAE6854(17)270511,LOTAE6854,2027-05-11
00089368718857,(01)00089368718857(10)LOTZD5682(17)280603,LOTZD5682,2028-06-03
02273946202809,(01)02273946202809(10)LOTOD0050(17)270126,LOTOD0050,2027-01-26
01342448218661,(01)01342448218661(10)LOTKX5472(17)280903,LOTKX5472,2028-09-03
03396996889260,(01)03396996889260(10)LOTXP5829(17)270612,LOTXP5829,2027-06-12
05322400204730,(01)05322400204730(10)LOTND0298(17)271214,LOTND0298,2027-12-14
00012143083918,(01)00012143083918(10)LOTGD8433(17)280412,LOTGD8433,2028-04-12
09328126789120,(01)09328126789120(10)LOTEQ8485(17)270502,LOTEQ8485,2027-05-02
08829032149400,(01)08829032149400(10)LOTYO2146(17)260915,LOTYO2146,2026-09-15
08016101985063,(01)08016101985063(10)LOTOA5818(17)270126,LOTOA5818,2027-01-26
04131682244393,(01)04131682244393(10)LOTUY4167(17)281226,LOTUY4167,2028-12-26
04615112350729,(01)04615112350729(10)LOTOC3910(17)260718,LOTOC3910,2026-07-18
01396305401437,(01)01396305401437(10)LOTSD5486(17)270407,LOTSD5486,2027-04-07
00007616116330,(01)00007616116330(10)LOTVL9767(17)260708,LOTVL9767,2026-07-08
05530817773118,(01)05530817773118(10)LOTYV9555(17)270301,LOTYV9555,2027-03-01
09355836762594,(01)09355836762594(10)LOTTY4839(17)270722,LOTTY4839,2027-07-22
02599625356787,(01)02599625356787(10)LOTIC3681(17)270819,LOTIC3681,2027-08-19
06900887561752,(01)06900887561752(10)LOTHW6693(17)281105,LOTHW6693,2028-11-05
09977826498193,(01)09977826498193(10)LOTAR7074(17)260810,LOTAR7074,2026-08-10
01187267704434,(01)01187267704434(10)LOTXP3802(17)280312,LOTXP3802,2028-03-12
09589657016677,(01)09589657016677(10)LOTYU8418(17)270928,LOTYU8418,2027-09-28
04275134454463,(01)04275134454463(10)LOTIS7504(17)261106,LOTIS7504,2026-11-06
06524624385304,(01)06524624385304(10)LOTNK1153(17)270713,LOTNK1153,2027-07-13
04333539336170,(01)04333539336170(10)LOTIN6708(17)270220,LOTIN6708,2027-02-20
03465406228750,(01)03465406228750(10)LOTCQ9033(17)260116,LOTCQ9033,2026-01-16
05204153407494,(01)05204153407494(10)LOTNR1859(17)270523,LOTNR1859,2027-05-23
00741980280760,(01)00741980280760(10)LOTKQ9494(17)281110,LOTKQ9494,2028-11-10
04651075024383,(01)04651075024383(10)LOTSC0854(17)271015,LOTSC0854,2027-10-15
01877244145212,(01)01877244145212(10)LOTPJ3449(17)271119,LOTPJ3449,2027-11-19
05393271798789,(01)05393271798789(10)LOTOX9092(17)260204,LOTOX9092,2026-02-04
04151852575775,(01)04151852575775(10)LOTPG9693(17)270310,LOTPG9693,2027-03-10
09151792966478,(01)09151792966478(10)LOTWX0681(17)270208,LOTWX0681,2027-02-08
02482316084727,(01)02482316084727(10)LOTXR0335(17)260127,LOTXR0335,2026-01-27
01919551566097,(01)01919551566097(10)LOTPG7588(17)270418,LOTPG7588,2027-04-18
07025390499497,(01)07025390499497(10)LOTYL2160(17)280627,LOTYL2160,2028-06-27
08006691451710,(01)08006691451710(10)LOTTL6339(17)260506,LOTTL6339,2026-05-06
07458426237310,(01)07458426237310(10)LOTLH7369(17)281104,LOTLH7369,2028-11-04
06313614913074,(01)06313614913074(10)LOTJS1923(17)280606,LOTJS1923,2028-06-06
03134069503572,(01)03134069503572(10)LOTQQ5283(17)280715,LOTQQ5283,2028-07-15
00021053993217,(01)00021053993217(10)LOTIG1809(17)280307,LOTIG1809,2028-03-07
03835928782991,(01)03835928782991(10)LOTBU8948(17)280901,LOTBU8948,2028-09-01
03305401612713,(01)03305401612713(10)LOTLK2026(17)261015,LOTLK2026,2026-10-15
00718994208042,(01)00718994208042(10)LOTWU1047(17)260510,LOTWU1047,2026-05-10
06753652725695,(01)06753652725695(10)LOTNZ3710(17)270127,LOTNZ3710,2027-01-27
03978767980200,(01)03978767980200(10)LOTAU3022(17)280524,LOTAU3022,2028-05-24
07292117473904,(01)07292117473904(10)LOTAA4110(17)261116,LOTAA4110,2026-11-16
07491964305363,(01)07491964305363(10)LOTPG5927(17)270508,LOTPG5927,2027-05-08
00495504048434,(01)00495504048434(10)LOTQJ3541(17)260208,LOTQJ3541,2026-02-08
07013513240866,(01)07013513240866(10)LOTCJ4732(17)270228,LOTCJ4732,2027-02-28
07272192542054,(01)07272192542054(10)LOTLO8247(17)261102,LOTLO8247,2026-11-02
07959596146889,(01)07959596146889(10)LOTQO4192(17)270708,LOTQO4192,2027-07-08
06156941259657,(01)06156941259657(10)LOTPF0193(17)260512,LOTPF0193,2026-05-12
06971503582260,(01)06971503582260(10)LOTPW1806(17)261028,LOTPW1806,2026-10-28
01659717987105,(01)01659717987105(10)LOTLH2746(17)271114,LOTLH2746,2027-11-14
03295046903744,(01)03295046903744(10)LOTQG6973(17)261213,LOTQG6973,2026-12-13
06314416294149,(01)06314416294149(10)LOTZN0305(17)260106,LOTZN0305,2026-01-06
09577159125423,(01)09577159125423(10)LOTYW1887(17)281120,LOTYW1887,2028-11-20
05813145797484,(01)05813145797484(10)LOTZF6944(17)281014,LOTZF6944,2028-10-14
06590567723435,(01)06590567723435(10)LOTCL3648(17)260104,LOTCL3648,2026-01-04
00560955508421,(01)00560955508421(10)LOTXQ8003(17)260317,LOTXQ8003,2026-03-17
09771225886823,(01)09771225886823(10)LOTVN9919(17)280228,LOTVN9919,2028-02-28
02651940224438,(01)02651940224438(10)LOTNU7525(17)270410,LOTNU7525,2027-04-10
06521618666296,(01)06521618666296(10)LOTPW0832(17)260413,LOTPW0832,2026-04-13
09022245336455,(01)09022245336455(10)LOTFO1648(17)280704,LOTFO1648,2028-07-04
03503938994351,(01)03503938994351(10)LOTUJ4030(17)271104,LOTUJ4030,2027-11-04
04432695422656,(01)04432695422656(10)LOTVU1872(17)280903,LOTVU1872,2028-09-03
07111955442968,(01)07111955442968(10)LOTOT5064(17)280919,LOTOT5064,2028-09-19
03875767004854,(01)03875767004854(10)LOTGD1569(17)280425,LOTGD1569,2028-04-25
01231343007978,(01)01231343007978(10)LOTUJ9414(17)280717,LOTUJ9414,2028-07-17
08210640634356,(01)08210640634356(10)LOTFX8899(17)281202,LOTFX8899,2028-12-02
06560605607454,(01)06560605607454(10)LOTRY0262(17)260107,LOTRY0262,2026-01-07
09427253528081,(01)09427253528081(10)LOTXU6692(17)280723,LOTXU6692,2028-07-23
07817154569665,(01)07817154569665(10)LOTBX3853(17)270503,LOTBX3853,2027-05-03
06471993957482,(01)06471993957482(10)LOTRK6463(17)270416,LOTRK6463,2027-04-16
04309576997131,(01)04309576997131(10)LOTPZ9500(17)260411,LOTPZ9500,2026-04-11
00525575080078,(01)00525575080078(10)LOTJU8967(17)280903,LOTJU8967,2028-09-03
08168123541434,(01)08168123541434(10)LOTYE4871(17)281011,LOTYE4871,2028-10-11
04608412093748,(01)04608412093748(10)LOTRD8172(17)280217,LOTRD8172,2028-02-17
02845424966185,(01)02845424966185(10)LOTLL5457(17)261008,LOTLL5457,2026-10-08
09252610935529,(01)09252610935529(10)LOTIW3210(17)260211,LOTIW3210,2026-02-11
07063115062038,(01)07063115062038(10)LOTLD2207(17)270213,LOTLD2207,2027-02-13
01077098567158,(01)01077098567158(10)LOTNF5361(17)280307,LOTNF5361,2028-03-07
01410943854254,(01)01410943854254(10)LOTIV4471(17)270219,LOTIV4471,2027-02-19
09617693006151,(01)09617693006151(10)LOTNN0169(17)271003,LOTNN0169,2027-10-03
01141379201519,(01)01141379201519(10)LOTEB0916(17)260628,LOTEB0916,2026-06-28
01476626335328,(01)01476626335328(10)LOTRV4305(17)260115,LOTRV4305,2026-01-15
00806165071240,(01)00806165071240(10)LOTOE0161(17)271224,LOTOE0161,2027-12-24
04413919584558,(01)04413919584558(10)LOTHB7667(17)271223,LOTHB7667,2027-12-23
07444829473264,(01)07444829473264(10)LOTPA8671(17)281102,LOTPA8671,2028-11-02
06783651655129,(01)06783651655129(10)LOTJW9583(17)260424,LOTJW9583,2026-04-24
00537880003413,(01)00537880003413(10)LOTHQ5716(17)270214,LOTHQ5716,2027-02-14
03904520552964,(01)03904520552964(10)LOTNB6767(17)260517,LOTNB6767,2026-05-17
03716670961714,(01)03716670961714(10)LOTWI9857(17)270423,LOTWI9857,2027-04-23
05913436745849,(01)05913436745849(10)LOTEV3605(17)260708,LOTEV3605,2026-07-08
09588804413345,(01)09588804413345(10)LOTXC2407(17)270322,LOTXC2407,2027-03-22
04973421026224,(01)04973421026224(10)LOTVR5084(17)261020,LOTVR5084,2026-10-20
00297226930390,(01)00297226930390(10)LOTXI9564(17)260517,LOTXI9564,2026-05-17
00544443510851,(01)00544443510851(10)LOTLL4996(17)280508,LOTLL4996,2028-05-08
08874907045509,(01)08874907045509(10)LOTVI1022(17)280916,LOTVI1022,2028-09-16
00609175748177,(01)00609175748177(10)LOTQX2127(17)270619,LOTQX2127,2027-06-19
09922725105574,(01)09922725105574(10)LOTNM1908(17)261102,LOTNM1908,2026-11-02
05283681714632,(01)05283681714632(10)LOTPE5281(17)270622,LOTPE5281,2027-06-22
02171360783624,(01)02171360783624(10)LOTMD4223(17)270524,LOTMD4223,2027-05-24
05536491332665,(01)05536491332665(10)LOTMO4920(17)260226,LOTMO4920,2026-02-26
04911965365676,(01)04911965365676(10)LOTJP9357(17)260817,LOTJP9357,2026-08-17
07683720130719,(01)07683720130719(10)LOTYT3445(17)270610,LOTYT3445,2027-06-10
00622204960999,(01)00622204960999(10)LOTBO0447(17)270401,LOTBO0447,2027-04-01
07423039762672,(01)07423039762672(10)LOTOZ2710(17)270416,LOTOZ2710,2027-04-16
06837307330448,(01)06837307330448(10)LOTLC7973(17)260802,LOTLC7973,2026-08-02
07243765056155,(01)07243765056155(10)LOTCZ9098(17)261005,LOTCZ9098,2026-10-05
02084404085960,(01)02084404085960(10)LOTCB0938(17)270713,LOTCB0938,2027-07-13
02997558125584,(01)02997558125584(10)LOTRJ9277(17)261005,LOTRJ9277,2026-10-05
09534469074483,(01)09534469074483(10)LOTRC2230(17)270619,LOTRC2230,2027-06-19
07225029040896,(01)07225029040896(10)LOTTP7159(17)260414,LOTTP7159,2026-04-14
03879784739829,(01)03879784739829(10)LOTYL9593(17)280126,LOTYL9593,2028-01-26
06847301407664,(01)06847301407664(10)LOTIT7579(17)270604,LOTIT7579,2027-06-04
05190333868431,(01)05190333868431(10)LOTNM3949(17)271215,LOTNM3949,2027-12-15
09878405279601,(01)09878405279601(10)LOTLK3076(17)260919,LOTLK3076,2026-09-19
01134067730569,(01)01134067730569(10)LOTFH9146(17)280404,LOTFH9146,2028-04-04
02759024340958,(01)02759024340958(10)LOTSM1733(17)280210,LOTSM1733,2028-02-10
06762849491039,(01)06762849491039(10)LOTGA1627(17)281117,LOTGA1627,2028-11-17
02192967141624,(01)02192967141624(10)LOTEZ1929(17)260201,LOTEZ1929,2026-02-01
05999233570976,(01)05999233570976(10)LOTOE2326(17)261023,LOTOE2326,2026-10-23
03938719576646,(01)03938719576646(10)LOTDV0489(17)270727,LOTDV0489,2027-07-27
02672023636078,(01)02672023636078(10)LOTVH1757(17)260308,LOTVH1757,2026-03-08
09373316461058,(01)09373316461058(10)LOTMW8195(17)271022,LOTMW8195,2027-10-22
00195262193628,(01)00195262193628(10)LOTYX4347(17)261019,LOTYX4347,2026-10-19
05359148759574,(01)05359148759574(10)LOTPU9497(17)270628,LOTPU9497,2027-06-28
09342318898704,(01)09342318898704(10)LOTPN6732(17)260123,LOTPN6732,2026-01-23
02264636458835,(01)02264636458835(10)LOTBB0653(17)270821,LOTBB0653,2027-08-21
00457438723184,(01)00457438723184(10)LOTXI4567(17)260403,LOTXI4567,2026-04-03
03689748688694,(01)03689748688694(10)LOTVT1418(17)280504,LOTVT1418,2028-05-04
01437944652856,(01)01437944652856(10)LOTQB5996(17)280321,LOTQB5996,2028-03-21
02245942834438,(01)02245942834438(10)LOTSL9509(17)281108,LOTSL9509,2028-11-08
00014099590823,(01)00014099590823(10)LOTNP4956(17)260611,LOTNP4956,2026-06-11
01735661535408,(01)01735661535408(10)LOTRV6676(17)271109,LOTRV6676,2027-11-09
09695734113211,(01)09695734113211(10)LOTNO4180(17)281214,LOTNO4180,2028-12-14
04087747545618,(01)04087747545618(10)LOTEV9232(17)260810,LOTEV9232,2026-08-10
06692747298624,(01)06692747298624(10)LOTPU7517(17)260105,LOTPU7517,2026-01-05
04321724616039,(01)04321724616039(10)LOTMO2255(17)271027,LOTMO2255,2027-10-27
01566659068536,(01)01566659068536(10)LOTZV3668(17)280324,LOTZV3668,2028-03-24
01078432020247,(01)01078432020247(10)LOTUG8567(17)260719,LOTUG8567,2026-07-19
02353349213272,(01)02353349213272(10)LOTWG7192(17)270226,LOTWG7192,2027-02-26
05219838991137,(01)05219838991137(10)LOTGP9487(17)270703,LOTGP9487,2027-07-03
07857031545979,(01)07857031545979(10)LOTWF2086(17)270105,LOTWF2086,2027-01-05
04536680148504,(01)04536680148504(10)LOTDZ7606(17)270921,LOTDZ7606,2027-09-21
00769938053594,(01)00769938053594(10)LOTBI6500(17)260503,LOTBI6500,2026-05-03
08842628628608,(01)08842628628608(10)LOTHR6783(17)261109,LOTHR6783,2026-11-09
04925299073039,(01)04925299073039(10)LOTQT3704(17)260214,LOTQT3704,2026-02-14
07294069465334,(01)07294069465334(10)LOTDI8058(17)280604,LOTDI8058,2028-06-04
00461447110361,(01)00461447110361(10)LOTQF7846(17)261103,LOTQF7846,2026-11-03
09294837234283,(01)09294837234283(10)LOTFN1407(17)261204,LOTFN1407,2026-12-04
07310159633541,(01)07310159633541(10)LOTWN5632(17)271128,LOTWN5632,2027-11-28
02783573879577,(01)02783573879577(10)LOTDQ7093(17)280113,LOTDQ7093,2028-01-13
03655603301602,(01)03655603301602(10)LOTBW1526(17)271214,LOTBW1526,2027-12-14
04433286122559,(01)04433286122559(10)LOTFO2762(17)261004,LOTFO2762,2026-10-04
01463120237494,(01)01463120237494(10)LOTGI5713(17)270624,LOTGI5713,2027-06-24
05397001627851,(01)05397001627851(10)LOTCP7992(17)281224,LOTCP7992,2028-12-24
05126384442986,(01)05126384442986(10)LOTIE4847(17)260817,LOTIE4847,2026-08-17
00019498625596,(01)00019498625596(10)LOTVY5847(17)270708,LOTVY5847,2027-07-08
09442174144080,(01)09442174144080(10)LOTNH6501(17)260212,LOTNH6501,2026-02-12
00129488633453,(01)00129488633453(10)LOTHP3915(17)280713,LOTHP3915,2028-07-13
00478218360191,(01)00478218360191(10)LOTFD5351(17)270106,LOTFD5351,2027-01-06
03152941029682,(01)03152941029682(10)LOTTL2451(17)281016,LOTTL2451,2028-10-16
00119513324180,(01)00119513324180(10)LOTPV5085(17)260702,LOTPV5085,2026-07-02
07037516922628,(01)07037516922628(10)LOTRQ4305(17)280513,LOTRQ4305,2028-05-13
01951250762288,(01)01951250762288(10)LOTCG8572(17)271022,LOTCG8572,2027-10-22
07960599432329,(01)07960599432329(10)LOTZK3188(17)261224,LOTZK3188,2026-12-24
09261524047297,(01)09261524047297(10)LOTDI9872(17)260323,LOTDI9872,2026-03-23
08152234321351,(01)08152234321351(10)LOTRL3331(17)260523,LOTRL3331,2026-05-23
03398056826291,(01)03398056826291(10)LOTTO5081(17)261123,LOTTO5081,2026-11-23
06864098194928,(01)06864098194928(10)LOTXI7959(17)281011,LOTXI7959,2028-10-11
02915617771374,(01)02915617771374(10)LOTTP5069(17)270109,LOTTP5069,2027-01-09
03199093135434,(01)03199093135434(10)LOTEF2039(17)261017,LOTEF2039,2026-10-17
02376204793641,(01)02376204793641(10)LOTDZ2990(17)261008,LOTDZ2990,2026-10-08
05592831418482,(01)05592831418482(10)LOTBZ6422(17)280204,LOTBZ6422,2028-02-04
01009778600022,(01)01009778600022(10)LOTQS7448(17)261213,LOTQS7448,2026-12-13
02332543127172,(01)02332543127172(10)LOTDO1475(17)270322,LOTDO1475,2027-03-22
04176650071557,(01)04176650071557(10)LOTMJ0147(17)281215,LOTMJ0147,2028-12-15
01682161133187,(01)01682161133187(10)LOTZG6398(17)270120,LOTZG6398,2027-01-20
03770334761768,(01)03770334761768(10)LOTLR4803(17)280222,LOTLR4803,2028-02-22
01377684957388,(01)01377684957388(10)LOTNU4321(17)260804,LOTNU4321,2026-08-04
00491730265058,(01)00491730265058(10)LOTMN1935(17)280914,LOTMN1935,2028-09-14
05606795856461,(01)05606795856461(10)LOTKV7230(17)260226,LOTKV7230,2026-02-26
07840003751768,(01)07840003751768(10)LOTOJ3590(17)260617,LOTOJ3590,2026-06-17
02284614734683,(01)02284614734683(10)LOTSJ1070(17)280208,LOTSJ1070,2028-02-08
04503660153872,(01)04503660153872(10)LOTTC4110(17)270104,LOTTC4110,2027-01-04
00753331168498,(01)00753331168498(10)LOTQE8692(17)260512,LOTQE8692,2026-05-12
09806253336504,(01)09806253336504(10)LOTSQ4103(17)260623,LOTSQ4103,2026-06-23
09525148230870,(01)09525148230870(10)LOTOT7248(17)270215,LOTOT7248,2027-02-15
00716699846125,(01)00716699846125(10)LOTPT1126(17)260217,LOTPT1126,2026-02-17
09911285746280,(01)09911285746280(10)LOTSD2334(17)261114,LOTSD2334,2026-11-14
02673912782838,(01)02673912782838(10)LOTJN2857(17)281219,LOTJN2857,2028-12-19
03102680305288,(01)03102680305288(10)LOTNY4466(17)260612,LOTNY4466,2026-06-12
06853733064795,(01)06853733064795(10)LOTMI4206(17)280112,LOTMI4206,2028-01-12
08626192668976,(01)08626192668976(10)LOTQO8850(17)270208,LOTQO8850,2027-02-08
09279470508458,(01)09279470508458(10)LOTCX1200(17)260320,LOTCX1200,2026-03-20
04885178050561,(01)04885178050561(10)LOTDF5783(17)260710,LOTDF5783,2026-07-10
02444447880494,(01)02444447880494(10)LOTBA6089(17)270522,LOTBA6089,2027-05-22
07312605386360,(01)07312605386360(10)LOTXS8741(17)281207,LOTXS8741,2028-12-07
08232279577668,(01)08232279577668(10)LOTYO4625(17)280304,LOTYO4625,2028-03-04
00271929816441,(01)00271929816441(10)LOTKM3306(17)281216,LOTKM3306,2028-12-16
04705169009838,(01)04705169009838(10)LOTQO5648(17)271125,LOTQO5648,2027-11-25
06490415148444,(01)06490415148444(10)LOTPI7289(17)281113,LOTPI7289,2028-11-13
05317772933463,(01)05317772933463(10)LOTPB2458(17)281121,LOTPB2458,2028-11-21
07504941670658,(01)07504941670658(10)LOTGU3672(17)270409,LOTGU3672,2027-04-09
01971766459250,(01)01971766459250(10)LOTLI1217(17)280822,LOTLI1217,2028-08-22
09104258410831,(01)09104258410831(10)LOTNN5585(17)260516,LOTNN5585,2026-05-16
08697609099881,(01)08697609099881(10)LOTRH9221(17)270719,LOTRH9221,2027-07-19
07446191668545,(01)07446191668545(10)LOTDQ3838(17)260916,LOTDQ3838,2026-09-16
01241758475491,(01)01241758475491(10)LOTYT3944(17)260401,LOTYT3944,2026-04-01
07180487918920,(01)07180487918920(10)LOTNH3167(17)280420,LOTNH3167,2028-04-20
04909453005449,(01)04909453005449(10)LOTOG7405(17)280201,LOTOG7405,2028-02-01
03704145667704,(01)03704145667704(10)LOTVL2419(17)270623,LOTVL2419,2027-06-23
01331651396853,(01)01331651396853(10)LOTVQ5711(17)280911,LOTVQ5711,2028-09-11
08571496998505,(01)08571496998505(10)LOTVA6455(17)280403,LOTVA6455,2028-04-03
07684779835532,(01)07684779835532(10)LOTVB9116(17)280105,LOTVB9116,2028-01-05
02447668324907,(01)02447668324907(10)LOTOK7844(17)270127,LOTOK7844,2027-01-27
00835851977665,(01)00835851977665(10)LOTIE7482(17)281023,LOTIE7482,2028-10-23
05512483855480,(01)05512483855480(10)LOTXW6771(17)260817,LOTXW6771,2026-08-17
04889596900316,(01)04889596900316(10)LOTAU5385(17)280323,LOTAU5385,2028-03-23
06869144008006,(01)06869144008006(10)LOTRB2845(17)280318,LOTRB2845,2028-03-18
04821384373063,(01)04821384373063(10)LOTWB4853(17)280223,LOTWB4853,2028-02-23
03455413219926,(01)03455413219926(10)LOTYP3549(17)280224,LOTYP3549,2028-02-24
04181763308056,(01)04181763308056(10)LOTYM9210(17)270414,LOTYM9210,2027-04-14
09703374307294,(01)09703374307294(10)LOTXN2573(17)270202,LOTXN2573,2027-02-02
07441846235950,(01)07441846235950(10)LOTGY4570(17)270117,LOTGY4570,2027-01-17
06043291147218,(01)06043291147218(10)LOTHT9677(17)280814,LOTHT9677,2028-08-14
03183753319562,(01)03183753319562(10)LOTPK4259(17)261119,LOTPK4259,2026-11-19
06265603394756,(01)06265603394756(10)LOTCG0710(17)260428,LOTCG0710,2026-04-28
07638642196848,(01)07638642196848(10)LOTPU2338(17)280615,LOTPU2338,2028-06-15
07930045045076,(01)07930045045076(10)LOTFD7594(17)281214,LOTFD7594,2028-12-14
06306995443001,(01)06306995443001(10)LOTIZ3542(17)280208,LOTIZ3542,2028-02-08
06624341757559,(01)06624341757559(10)LOTPS6004(17)261022,LOTPS6004,2026-10-22
02067347747560,(01)02067347747560(10)LOTFX4046(17)280819,LOTFX4046,2028-08-19
03866495950599,(01)03866495950599(10)LOTYI3162(17)280628,LOTYI3162,2028-06-28
03247151340426,(01)03247151340426(10)LOTMT7437(17)270202,LOTMT7437,2027-02-02
07010234496442,(01)07010234496442(10)LOTSD6364(17)260407,LOTSD6364,2026-04-07
06079770483935,(01)06079770483935(10)LOTEG5061(17)261116,LOTEG5061,2026-11-16
06404679035006,(01)06404679035006(10)LOTBS9746(17)261016,LOTBS9746,2026-10-16
07415356193154,(01)07415356193154(10)LOTQN3972(17)280428,LOTQN3972,2028-04-28
07944283019454,(01)07944283019454(10)LOTKX6017(17)270316,LOTKX6017,2027-03-16
05619882987696,(01)05619882987696(10)LOTFC1751(17)271204,LOTFC1751,2027-12-04
07918921674527,(01)07918921674527(10)LOTUI0860(17)281114,LOTUI0860,2028-11-14
08665247544933,(01)08665247544933(10)LOTVG4161(17)270226,LOTVG4161,2027-02-26
04385786749340,(01)04385786749340(10)LOTFP6517(17)281213,LOTFP6517,2028-12-13
00007479888580,(01)00007479888580(10)LOTZS1374(17)270309,LOTZS1374,2027-03-09
01030879430119,(01)01030879430119(10)LOTVA9241(17)281202,LOTVA9241,2028-12-02
02399224704374,(01)02399224704374(10)LOTVR8387(17)271010,LOTVR8387,2027-10-10
09079129603561,(01)09079129603561(10)LOTCB0911(17)281107,LOTCB0911,2028-11-07
00227746673057,(01)00227746673057(10)LOTKV1276(17)260418,LOTKV1276,2026-04-18
05825208270032,(01)05825208270032(10)LOTAZ9904(17)281028,LOTAZ9904,2028-10-28
00834623723332,(01)00834623723332(10)LOTLW6673(17)260614,LOTLW6673,2026-06-14
00472951793605,(01)00472951793605(10)LOTOX1518(17)280620,LOTOX1518,2028-06-20
06149221704350,(01)06149221704350(10)LOTAN6997(17)270824,LOTAN6997,2027-08-24
07438441338445,(01)07438441338445(10)LOTDM5986(17)280119,LOTDM5986,2028-01-19
02684484080420,(01)02684484080420(10)LOTMC4299(17)270710,LOTMC4299,2027-07-10
01065111989964,(01)01065111989964(10)LOTGR6333(17)280105,LOTGR6333,2028-01-05
00830137432708,(01)00830137432708(10)LOTEV8731(17)271028,LOTEV8731,2027-10-28
09744913732924,(01)09744913732924(10)LOTLR5181(17)261228,LOTLR5181,2026-12-28
08744657937327,(01)08744657937327(10)LOTLS5399(17)260522,LOTLS5399,2026-05-22
00613572464264,(01)00613572464264(10)LOTEH4889(17)281021,LOTEH4889,2028-10-21
01378839545696,(01)01378839545696(10)LOTBT3004(17)280824,LOTBT3004,2028-08-24
08707486314394,(01)08707486314394(10)LOTRP2778(17)280102,LOTRP2778,2028-01-02
06292133809016,(01)06292133809016(10)LOTES3031(17)280602,LOTES3031,2028-06-02
05147959888510,(01)05147959888510(10)LOTYE3762(17)270803,LOTYE3762,2027-08-03
06789846381927,(01)06789846381927(10)LOTHM9997(17)260111,LOTHM9997,2026-01-11
00798391857203,(01)00798391857203(10)LOTCG9351(17)260602,LOTCG9351,2026-06-02
02570193864621,(01)02570193864621(10)LOTZU0860(17)280714,LOTZU0860,2028-07-14
03189120158987,(01)03189120158987(10)LOTZP0327(17)261020,LOTZP0327,2026-10-20
03633500548245,(01)03633500548245(10)LOTPF1035(17)281123,LOTPF1035,2028-11-23
03003947014243,(01)03003947014243(10)LOTQQ0347(17)280826,LOTQQ0347,2028-08-26
02000759552391,(01)02000759552391(10)LOTPE1388(17)271026,LOTPE1388,2027-10-26
00379540237178,(01)00379540237178(10)LOTFY2414(17)281015,LOTFY2414,2028-10-15
03269739502736,(01)03269739502736(10)LOTQS1527(17)281016,LOTQS1527,2028-10-16
01838752472801,(01)01838752472801(10)LOTXS3123(17)260612,LOTXS3123,2026-06-12
08404420605753,(01)08404420605753(10)LOTNH9111(17)260120,LOTNH9111,2026-01-20
00221065155690,(01)00221065155690(10)LOTMK6928(17)260523,LOTMK6928,2026-05-23
09498708125445,(01)09498708125445(10)LOTBX4402(17)270703,LOTBX4402,2027-07-03
02132803814534,(01)02132803814534(10)LOTVN2369(17)281210,LOTVN2369,2028-12-10
08026278612761,(01)08026278612761(10)LOTTQ0519(17)271118,LOTTQ0519,2027-11-18
09259368282301,(01)09259368282301(10)LOTIS1055(17)280825,LOTIS1055,2028-08-25
00575769155310,(01)00575769155310(10)LOTPA5655(17)260122,LOTPA5655,2026-01-22
07601552891981,(01)07601552891981(10)LOTYG6617(17)270215,LOTYG6617,2027-02-15
00420496929430,(01)00420496929430(10)LOTJF7953(17)280626,LOTJF7953,2028-06-26
01186036059072,(01)01186036059072(10)LOTRV3078(17)260303,LOTRV3078,2026-03-03
02466130373472,(01)02466130373472(10)LOTQZ3547(17)260608,LOTQZ3547,2026-06-08
01597986282401,(01)01597986282401(10)LOTLI0370(17)281201,LOTLI0370,2028-12-01
09766450478479,(01)09766450478479(10)LOTIY4476(17)281008,LOTIY4476,2028-10-08
07005363576417,(01)07005363576417(10)LOTBS7347(17)261223,LOTBS7347,2026-12-23
03577534109860,(01)03577534109860(10)LOTTZ7098(17)270505,LOTTZ7098,2027-05-05
01839215762897,(01)01839215762897(10)LOTPI6433(17)271221,LOTPI6433,2027-12-21
04050705693607,(01)04050705693607(10)LOTTH9953(17)280501,LOTTH9953,2028-05-01
05633957102951,(01)05633957102951(10)LOTAH1981(17)261224,LOTAH1981,2026-12-24
00883841492711,(01)00883841492711(10)LOTLL4320(17)280106,LOTLL4320,2028-01-06
05738691677892,(01)05738691677892(10)LOTYW5185(17)270417,LOTYW5185,2027-04-17
00475631781336,(01)00475631781336(10)LOTKW7559(17)260501,LOTKW7559,2026-05-01
01825533557024,(01)01825533557024(10)LOTXC3688(17)280414,LOTXC3688,2028-04-14
08036914816361,(01)08036914816361(10)LOTBZ9959(17)270314,LOTBZ9959,2027-03-14
08323348321883,(01)08323348321883(10)LOTTY8234(17)270120,LOTTY8234,2027-01-20
05841065246249,(01)05841065246249(10)LOTXX4038(17)280806,LOTXX4038,2028-08-06
04198061047051,(01)04198061047051(10)LOTQI0333(17)260625,LOTQI0333,2026-06-25
06323867869455,(01)06323867869455(10)LOTYY4750(17)260520,LOTYY4750,2026-05-20
08187482129138,(01)08187482129138(10)LOTVH1332(17)270828,LOTVH1332,2027-08-28
03041020168605,(01)03041020168605(10)LOTAG0540(17)280116,LOTAG0540,2028-01-16
01547581390407,(01)01547581390407(10)LOTKT4934(17)260611,LOTKT4934,2026-06-11
09278927120953,(01)09278927120953(10)LOTAE7441(17)270613,LOTAE7441,2027-06-13
04427901220102,(01)04427901220102(10)LOTJI3845(17)270920,LOTJI3845,2027-09-20
06987675816010,(01)06987675816010(10)LOTXK5592(17)270526,LOTXK5592,2027-05-26
08379145884625,(01)08379145884625(10)LOTRD1414(17)281126,LOTRD1414,2028-11-26
03989481165460,(01)03989481165460(10)LOTJT3724(17)260116,LOTJT3724,2026-01-16
09846874305978,(01)09846874305978(10)LOTXG2239(17)260115,LOTXG2239,2026-01-15
01921540294980,(01)01921540294980(10)LOTZL0537(17)261008,LOTZL0537,2026-10-08
06841328766049,(01)06841328766049(10)LOTMU5291(17)261106,LOTMU5291,2026-11-06
00500928302892,(01)00500928302892(10)LOTZL1092(17)261221,LOTZL1092,2026-12-21
01306121220594,(01)01306121220594(10)LOTKL3380(17)260816,LOTKL3380,2026-08-16
07232876324604,(01)07232876324604(10)LOTTN4047(17)260202,LOTTN4047,2026-02-02
00679947525558,(01)00679947525558(10)LOTOX3877(17)280810,LOTOX3877,2028-08-10
04109701694702,(01)04109701694702(10)LOTOG8421(17)261021,LOTOG8421,2026-10-21
02830607131269,(01)02830607131269(10)LOTYJ4697(17)261019,LOTYJ4697,2026-10-19
06279035332316,(01)06279035332316(10)LOTRZ0320(17)270604,LOTRZ0320,2027-06-04
03966611009535,(01)03966611009535(10)LOTWY6471(17)261102,LOTWY6471,2026-11-02
00115276835321,(01)00115276835321(10)LOTFB6322(17)270615,LOTFB6322,2027-06-15
01449150663878,(01)01449150663878(10)LOTIR1143(17)270526,LOTIR1143,2027-05-26
07441204219684,(01)07441204219684(10)LOTWK8574(17)270209,LOTWK8574,2027-02-09
00847171536194,(01)00847171536194(10)LOTKN0238(17)261220,LOTKN0238,2026-12-20
09273293013014,(01)09273293013014(10)LOTSM4612(17)270824,LOTSM4612,2027-08-24
02827329792939,(01)02827329792939(10)LOTRL1181(17)260722,LOTRL1181,2026-07-22
03188441189359,(01)03188441189359(10)LOTOD4424(17)270710,LOTOD4424,2027-07-10
06903666699639,(01)06903666699639(10)LOTVQ5427(17)280110,LOTVQ5427,2028-01-10
06129003721683,(01)06129003721683(10)LOTBS1034(17)270512,LOTBS1034,2027-05-12
01644713363275,(01)01644713363275(10)LOTMV3803(17)270825,LOTMV3803,2027-08-25
06109390107581,(01)06109390107581(10)LOTZY1216(17)280410,LOTZY1216,2028-04-10
04700984863764,(01)04700984863764(10)LOTMJ6429(17)280814,LOTMJ6429,2028-08-14
05538354230521,(01)05538354230521(10)LOTLQ9193(17)260515,LOTLQ9193,2026-05-15
01397228710866,(01)01397228710866(10)LOTJS3332(17)280123,LOTJS3332,2028-01-23
04775402584620,(01)04775402584620(10)LOTPA1049(17)270612,LOTPA1049,2027-06-12
08731738795143,(01)08731738795143(10)LOTRJ7318(17)270717,LOTRJ7318,2027-07-17
05033574887529,(01)05033574887529(10)LOTAB7635(17)280214,LOTAB7635,2028-02-14
07947400752760,(01)07947400752760(10)LOTNN4035(17)280622,LOTNN4035,2028-06-22
08359919045858,(01)08359919045858(10)LOTFE9675(17)271008,LOTFE9675,2027-10-08
09710178215526,(01)09710178215526(10)LOTDZ9609(17)280801,LOTDZ9609,2028-08-01
03018146085543,(01)03018146085543(10)LOTZE5493(17)260628,LOTZE5493,2026-06-28
07600659314546,(01)07600659314546(10)LOTUR4549(17)260403,LOTUR4549,2026-04-03
06522749283635,(01)06522749283635(10)LOTVT5102(17)260114,LOTVT5102,2026-01-14
02227366974204,(01)02227366974204(10)LOTDY0653(17)260104,LOTDY0653,2026-01-04
08548225170150,(01)08548225170150(10)LOTSM9751(17)270617,LOTSM9751,2027-06-17
08181143433848,(01)08181143433848(10)LOTNY7696(17)270612,LOTNY7696,2027-06-12
01411535694029,(01)01411535694029(10)LOTID5252(17)270908,LOTID5252,2027-09-08
07758413597688,(01)07758413597688(10)LOTWQ2446(17)271112,LOTWQ2446,2027-11-12
01288403298821,(01)01288403298821(10)LOTOH4207(17)260705,LOTOH4207,2026-07-05
00553621293202,(01)00553621293202(10)LOTWJ7902(17)270101,LOTWJ7902,2027-01-01
06488610867802,(01)06488610867802(10)LOTXA9441(17)260725,LOTXA9441,2026-07-25
03624736497056,(01)03624736497056(10)LOTGD9349(17)261102,LOTGD9349,2026-11-02
06666834392052,(01)06666834392052(10)LOTOP9819(17)280724,LOTOP9819,2028-07-24
05167858081706,(01)05167858081706(10)LOTIF1018(17)280525,LOTIF1018,2028-05-25
01071391722030,(01)01071391722030(10)LOTHE9727(17)270811,LOTHE9727,2027-08-11
01939516543215,(01)01939516543215(10)LOTXH7982(17)270824,LOTXH7982,2027-08-24
08928795305464,(01)08928795305464(10)LOTZS5229(17)260302,LOTZS5229,2026-03-02
01485471107134,(01)01485471107134(10)LOTWV3590(17)270418,LOTWV3590,2027-04-18
01854512834955,(01)01854512834955(10)LOTRK9307(17)280412,LOTRK9307,2028-04-12
04135627647614,(01)04135627647614(10)LOTNY5116(17)281212,LOTNY5116,2028-12-12
02058492770527,(01)02058492770527(10)LOTBC1952(17)271211,LOTBC1952,2027-12-11
09491502711531,(01)09491502711531(10)LOTXW3327(17)270814,LOTXW3327,2027-08-14
01876232760345,(01)01876232760345(10)LOTUM3557(17)260503,LOTUM3557,2026-05-03
03941574983580,(01)03941574983580(10)LOTVF0655(17)280926,LOTVF0655,2028-09-26
04158035121392,(01)04158035121392(10)LOTOL3262(17)270815,LOTOL3262,2027-08-15
07256317294080,(01)07256317294080(10)LOTEP5384(17)260610,LOTEP5384,2026-06-10
02078187449194,(01)02078187449194(10)LOTDB2494(17)270113,LOTDB2494,2027-01-13
03716505913345,(01)03716505913345(10)LOTET3221(17)280704,LOTET3221,2028-07-04
07592663440475,(01)07592663440475(10)LOTOB5363(17)280303,LOTOB5363,2028-03-03
06241014452551,(01)06241014452551(10)LOTYQ9443(17)281002,LOTYQ9443,2028-10-02
03146502038879,(01)03146502038879(10)LOTVM5313(17)281107,LOTVM5313,2028-11-07
08682715662975,(01)08682715662975(10)LOTYV5364(17)270506,LOTYV5364,2027-05-06
01363870486985,(01)01363870486985(10)LOTAC0809(17)280422,LOTAC0809,2028-04-22
08670923819915,(01)08670923819915(10)LOTDG6719(17)270216,LOTDG6719,2027-02-16
07134561190115,(01)07134561190115(10)LOTHP1848(17)270516,LOTHP1848,2027-05-16
01754970728448,(01)01754970728448(10)LOTPY8818(17)270521,LOTPY8818,2027-05-21
07512961007163,(01)07512961007163(10)LOTXI3546(17)270522,LOTXI3546,2027-05-22
04890155360946,(01)04890155360946(10)LOTVA5457(17)260210,LOTVA5457,2026-02-10
03986148650956,(01)03986148650956(10)LOTXN2216(17)281221,LOTXN2216,2028-12-21
02136747724089,(01)02136747724089(10)LOTLI6032(17)280616,LOTLI6032,2028-06-16
05689092878886,(01)05689092878886(10)LOTDB7357(17)270810,LOTDB7357,2027-08-10
02754031085205,(01)02754031085205(10)LOTDP8462(17)261110,LOTDP8462,2026-11-10
08240457138594,(01)08240457138594(10)LOTMZ0630(17)261016,LOTMZ0630,2026-10-16
09999795554977,(01)09999795554977(10)LOTJH0365(17)280119,LOTJH0365,2028-01-19
03406004440441,(01)03406004440441(10)LOTKB8238(17)271125,LOTKB8238,2027-11-25
04562263316442,(01)04562263316442(10)LOTTW2321(17)260921,LOTTW2321,2026-09-21
01830832661709,(01)01830832661709(10)LOTVW0943(17)260304,LOTVW0943,2026-03-04
02564095139017,(01)02564095139017(10)LOTGS1513(17)280316,LOTGS1513,2028-03-16
06160356062610,(01)06160356062610(10)LOTTA0327(17)261001,LOTTA0327,2026-10-01
00980515808141,(01)00980515808141(10)LOTDQ7743(17)261115,LOTDQ7743,2026-11-15
09886443777669,(01)09886443777669(10)LOTWB4113(17)260919,LOTWB4113,2026-09-19
04666208155964,(01)04666208155964(10)LOTQB3381(17)260607,LOTQB3381,2026-06-07
00817848562689,(01)00817848562689(10)LOTFH8860(17)280714,LOTFH8860,2028-07-14
08892282733583,(01)08892282733583(10)LOTHV5962(17)260210,LOTHV5962,2026-02-10
05206257971512,(01)05206257971512(10)LOTUE8029(17)261027,LOTUE8029,2026-10-27
07626907171136,(01)07626907171136(10)LOTZU0208(17)270426,LOTZU0208,2027-04-26
09406194498219,(01)09406194498219(10)LOTPY6567(17)260519,LOTPY6567,2026-05-19
08643172747308,(01)08643172747308(10)LOTLA1351(17)280423,LOTLA1351,2028-04-23
06371047205883,(01)06371047205883(10)LOTRR3806(17)280607,LOTRR3806,2028-06-07
04347946902781,(01)04347946902781(10)LOTUK7153(17)280424,LOTUK7153,2028-04-24
05570354514065,(01)05570354514065(10)LOTKC4930(17)260401,LOTKC4930,2026-04-01
03883439911102,(01)03883439911102(10)LOTQR5508(17)280809,LOTQR5508,2028-08-09
09135524834679,(01)09135524834679(10)LOTDP2674(17)281017,LOTDP2674,2028-10-17
04758780588008,(01)04758780588008(10)LOTEK6020(17)270409,LOTEK6020,2027-04-09
03216996029247,(01)03216996029247(10)LOTJP3170(17)280801,LOTJP3170,2028-08-01
02067377571159,(01)02067377571159(10)LOTUM6575(17)280823,LOTUM6575,2028-08-23
02137096443164,(01)02137096443164(10)LOTSA6483(17)281225,LOTSA6483,2028-12-25
00798676417405,(01)00798676417405(10)LOTNT3008(17)281125,LOTNT3008,2028-11-25
06034075691980,(01)06034075691980(10)LOTNW8989(17)260223,LOTNW8989,2026-02-23
00075656584082,(01)00075656584082(10)LOTBW6178(17)271015,LOTBW6178,2027-10-15
04852975240709,(01)04852975240709(10)LOTLQ1343(17)280628,LOTLQ1343,2028-06-28
06770073332295,(01)06770073332295(10)LOTUF2375(17)260201,LOTUF2375,2026-02-01
05728128845970,(01)05728128845970(10)LOTKU0138(17)270101,LOTKU0138,2027-01-01
05064800031461,(01)05064800031461(10)LOTHS4805(17)270628,LOTHS4805,2027-06-28
06212907367337,(01)06212907367337(10)LOTFQ0788(17)281222,LOTFQ0788,2028-12-22
04090353690306,(01)04090353690306(10)LOTXT8564(17)270526,LOTXT8564,2027-05-26
04367298158223,(01)04367298158223(10)LOTOM8619(17)280415,LOTOM8619,2028-04-15
06896637032859,(01)06896637032859(10)LOTXQ5829(17)260815,LOTXQ5829,2026-08-15
06146631701894,(01)06146631701894(10)LOTDK8591(17)260717,LOTDK8591,2026-07-17
02489416597348,(01)02489416597348(10)LOTXN8954(17)280616,LOTXN8954,2028-06-16
00440149674395,(01)00440149674395(10)LOTDS6037(17)281205,LOTDS6037,2028-12-05
00371149067637,(01)00371149067637(10)LOTYY5844(17)280103,LOTYY5844,2028-01-03
06512300426120,(01)06512300426120(10)LOTXO9618(17)280118,LOTXO9618,2028-01-18
09095295029141,(01)09095295029141(10)LOTYF9751(17)280322,LOTYF9751,2028-03-22
05255980600794,(01)05255980600794(10)LOTWJ3020(17)280222,LOTWJ3020,2028-02-22
00322836454926,(01)00322836454926(10)LOTJF1632(17)270311,LOTJF1632,2027-03-11
04944137399841,(01)04944137399841(10)LOTJC4686(17)280710,LOTJC4686,2028-07-10
05235588792459,(01)05235588792459(10)LOTOX7550(17)261102,LOTOX7550,2026-11-02
05527276102757,(01)05527276102757(10)LOTDP6147(17)280622,LOTDP6147,2028-06-22
08524891336953,(01)08524891336953(10)LOTEM3409(17)280715,LOTEM3409,2028-07-15
07529118621202,(01)07529118621202(10)LOTIT6546(17)260603,LOTIT6546,2026-06-03
04547846806695,(01)04547846806695(10)LOTKT6134(17)260303,LOTKT6134,2026-03-03
00023930104099,(01)00023930104099(10)LOTMF1678(17)280325,LOTMF1678,2028-03-25
09256482598011,(01)09256482598011(10)LOTOV7920(17)281226,LOTOV7920,2028-12-26
00851076374102,(01)00851076374102(10)LOTZL2848(17)261228,LOTZL2848,2026-12-28
04787534423777,(01)04787534423777(10)LOTYK2292(17)280511,LOTYK2292,2028-05-11
02429829618124,(01)02429829618124(10)LOTVZ7479(17)260624,LOTVZ7479,2026-06-24
07737293824381,(01)07737293824381(10)LOTGM4536(17)270104,LOTGM4536,2027-01-04
07782005397035,(01)07782005397035(10)LOTYX1724(17)260122,LOTYX1724,2026-01-22
04296240593198,(01)04296240593198(10)LOTXR9467(17)281217,LOTXR9467,2028-12-17
06913997750824,(01)06913997750824(10)LOTUI6347(17)280806,LOTUI6347,2028-08-06
06905964426443,(01)06905964426443(10)LOTIP4925(17)260520,LOTIP4925,2026-05-20
02281037742790,(01)02281037742790(10)LOTJT3233(17)260624,LOTJT3233,2026-06-24
04665684348167,(01)04665684348167(10)LOTOW0668(17)280921,LOTOW0668,2028-09-21
07905906514350,(01)07905906514350(10)LOTOH7987(17)280201,LOTOH7987,2028-02-01
08840337467921,(01)08840337467921(10)LOTUL4546(17)271121,LOTUL4546,2027-11-21
07459742218571,(01)07459742218571(10)LOTFB4977(17)280923,LOTFB4977,2028-09-23
00430852611251,(01)00430852611251(10)LOTPG2910(17)260203,LOTPG2910,2026-02-03
09095338307526,(01)09095338307526(10)LOTDZ1249(17)270409,LOTDZ1249,2027-04-09
00679450245721,(01)00679450245721(10)LOTDP9198(17)260927,LOTDP9198,2026-09-27
03286676522283,(01)03286676522283(10)LOTMJ3445(17)281206,LOTMJ3445,2028-12-06
06091716494225,(01)06091716494225(10)LOTNO1707(17)261110,LOTNO1707,2026-11-10
03758119462505,(01)03758119462505(10)LOTWJ3904(17)261201,LOTWJ3904,2026-12-01
00018458293295,(01)00018458293295(10)LOTIA6482(17)271216,LOTIA6482,2027-12-16
07272746292527,(01)07272746292527(10)LOTWJ8164(17)280802,LOTWJ8164,2028-08-02
03602108375904,(01)03602108375904(10)LOTRS5887(17)270713,LOTRS5887,2027-07-13
06908689607043,(01)06908689607043(10)LOTQD0225(17)260504,LOTQD0225,2026-05-04
03953637126506,(01)03953637126506(10)LOTHM7094(17)260421,LOTHM7094,2026-04-21
08423137832405,(01)08423137832405(10)LOTMY9146(17)280905,LOTMY9146,2028-09-05
07552479037566,(01)07552479037566(10)LOTCB9743(17)270113,LOTCB9743,2027-01-13
09805867340648,(01)09805867340648(10)LOTEU8858(17)281124,LOTEU8858,2028-11-24
02463018363129,(01)02463018363129(10)LOTXI7340(17)271206,LOTXI7340,2027-12-06
08043370900787,(01)08043370900787(10)LOTZD3936(17)270708,LOTZD3936,2027-07-08
03139815613468,(01)03139815613468(10)LOTJS7537(17)280519,LOTJS7537,2028-05-19
06543974398574,(01)06543974398574(10)LOTTF9145(17)280904,LOTTF9145,2028-09-04
05048710765982,(01)05048710765982(10)LOTGJ8736(17)270720,LOTGJ8736,2027-07-20
01692286445706,(01)01692286445706(10)LOTPW2493(17)280511,LOTPW2493,2028-05-11
05660394293171,(01)05660394293171(10)LOTRK8605(17)261219,LOTRK8605,2026-12-19
04516807707807,(01)04516807707807(10)LOTPS0755(17)280501,LOTPS0755,2028-05-01
00011314457824,(01)00011314457824(10)LOTWS6261(17)280820,LOTWS6261,2028-08-20
04500395963554,(01)04500395963554(10)LOTXV7192(17)270926,LOTXV7192,2027-09-26
09777940675780,(01)09777940675780(10)LOTSD6345(17)271115,LOTSD6345,2027-11-15
04251743546553,(01)04251743546553(10)LOTND9220(17)260126,LOTND9220,2026-01-26
08495165792297,(01)08495165792297(10)LOTBI2474(17)271222,LOTBI2474,2027-12-22
02460389848293,(01)02460389848293(10)LOTDZ1255(17)270926,LOTDZ1255,2027-09-26
05379960949939,(01)05379960949939(10)LOTVY0347(17)260423,LOTVY0347,2026-04-23
02788537529055,(01)02788537529055(10)LOTDX8487(17)270915,LOTDX8487,2027-09-15
01411829791847,(01)01411829791847(10)LOTSS4030(17)280217,LOTSS4030,2028-02-17
01433037668605,(01)01433037668605(10)LOTYZ3921(17)261107,LOTYZ3921,2026-11-07
04685791600255,(01)04685791600255(10)LOTQF1727(17)260728,LOTQF1727,2026-07-28
07085820577072,(01)07085820577072(10)LOTWM7490(17)270312,LOTWM7490,2027-03-12
05209575426689,(01)05209575426689(10)LOTNG5811(17)270928,LOTNG5811,2027-09-28
05547563012880,(01)05547563012880(10)LOTKQ2159(17)260117,LOTKQ2159,2026-01-17
01127355498333,(01)01127355498333(10)LOTWC0348(17)280507,LOTWC0348,2028-05-07
09516789347126,(01)09516789347126(10)LOTIT0245(17)270926,LOTIT0245,2027-09-26
00500260223978,(01)00500260223978(10)LOTEH4057(17)280723,LOTEH4057,2028-07-23
05587418263845,(01)05587418263845(10)LOTRD9651(17)280107,LOTRD9651,2028-01-07
05778641056797,(01)05778641056797(10)LOTKY3528(17)271127,LOTKY3528,2027-11-27
04108095082270,(01)04108095082270(10)LOTMV2796(17)280420,LOTMV2796,2028-04-20
06037311454370,(01)06037311454370(10)LOTEV9398(17)280718,LOTEV9398,2028-07-18
01051797800181,(01)01051797800181(10)LOTHI1908(17)260927,LOTHI1908,2026-09-27
06423793671037,(01)06423793671037(10)LOTTG9044(17)280804,LOTTG9044,2028-08-04
04046155378881,(01)04046155378881(10)LOTMS0292(17)280901,LOTMS0292,2028-09-01
09185917209379,(01)09185917209379(10)LOTQM0086(17)270306,LOTQM0086,2027-03-06
06277164146552,(01)06277164146552(10)LOTCJ3891(17)271211,LOTCJ3891,2027-12-11
01687457930549,(01)01687457930549(10)LOTIM8669(17)261210,LOTIM8669,2026-12-10
02967761357546,(01)02967761357546(10)LOTGD0599(17)280516,LOTGD0599,2028-05-16
02408601713424,(01)02408601713424(10)LOTNN3457(17)270323,LOTNN3457,2027-03-23
07692559724686,(01)07692559724686(10)LOTXO9905(17)281023,LOTXO9905,2028-10-23
02031986779398,(01)02031986779398(10)LOTFE1762(17)270628,LOTFE1762,2027-06-28
07329209847401,(01)07329209847401(10)LOTDB5126(17)280511,LOTDB5126,2028-05-11
05264728570152,(01)05264728570152(10)LOTEK6583(17)261110,LOTEK6583,2026-11-10
09124754881768,(01)09124754881768(10)LOTMQ4108(17)280522,LOTMQ4108,2028-05-22
02874272149242,(01)02874272149242(10)LOTMO5250(17)281001,LOTMO5250,2028-10-01
04469229603410,(01)04469229603410(10)LOTFY2981(17)270619,LOTFY2981,2027-06-19
03064126077565,(01)03064126077565(10)LOTGN1526(17)260307,LOTGN1526,2026-03-07
08463918381302,(01)08463918381302(10)LOTSE8309(17)260303,LOTSE8309,2026-03-03
04407915340522,(01)04407915340522(10)LOTOY3660(17)270528,LOTOY3660,2027-05-28
06165397372902,(01)06165397372902(10)LOTTK8912(17)280411,LOTTK8912,2028-04-11
00552431391276,(01)00552431391276(10)LOTJY5626(17)271108,LOTJY5626,2027-11-08
04433613551205,(01)04433613551205(10)LOTUA1427(17)270118,LOTUA1427,2027-01-18
08400091743336,(01)08400091743336(10)LOTHT7247(17)260106,LOTHT7247,2026-01-06
04171622312232,(01)04171622312232(10)LOTQY9958(17)280522,LOTQY9958,2028-05-22
06324843620909,(01)06324843620909(10)LOTGI8069(17)281123,LOTGI8069,2028-11-23
08764645695541,(01)08764645695541(10)LOTBT2417(17)270120,LOTBT2417,2027-01-20
02446918323004,(01)02446918323004(10)LOTED5545(17)271222,LOTED5545,2027-12-22
06389609219650,(01)06389609219650(10)LOTXN0643(17)260214,LOTXN0643,2026-02-14
09028443886525,(01)09028443886525(10)LOTYH5344(17)260721,LOTYH5344,2026-07-21
06989117614291,(01)06989117614291(10)LOTIO9254(17)261001,LOTIO9254,2026-10-01
07579320866786,(01)07579320866786(10)LOTDS2593(17)260826,LOTDS2593,2026-08-26
02863256485056,(01)02863256485056(10)LOTRB1846(17)260610,LOTRB1846,2026-06-10
07776734649954,(01)07776734649954(10)LOTOS8716(17)280212,LOTOS8716,2028-02-12
02258587736937,(01)02258587736937(10)LOTCK0293(17)270704,LOTCK0293,2027-07-04
06615069653018,(01)06615069653018(10)LOTGA4907(17)280321,LOTGA4907,2028-03-21
03195520202731,(01)03195520202731(10)LOTIK9964(17)260902,LOTIK9964,2026-09-02
00389911374661,(01)00389911374661(10)LOTTU0986(17)270209,LOTTU0986,2027-02-09
09712067526119,(01)09712067526119(10)LOTES9223(17)280323,LOTES9223,2028-03-23
08485441469814,(01)08485441469814(10)LOTEH5846(17)280504,LOTEH5846,2028-05-04
03119502939897,(01)03119502939897(10)LOTSQ6583(17)270907,LOTSQ6583,2027-09-07
05915053216290,(01)05915053216290(10)LOTCU2838(17)260828,LOTCU2838,2026-08-28
01510977524601,(01)01510977524601(10)LOTSB7129(17)261117,LOTSB7129,2026-11-17
04264181003335,(01)04264181003335(10)LOTSB9679(17)280224,LOTSB9679,2028-02-24
04023212576244,(01)04023212576244(10)LOTCJ6546(17)270417,LOTCJ6546,2027-04-17
04340761917732,(01)04340761917732(10)LOTNQ3989(17)270609,LOTNQ3989,2027-06-09
04677763826862,(01)04677763826862(10)LOTKB7131(17)270404,LOTKB7131,2027-04-04
01223904076219,(01)01223904076219(10)LOTHU6401(17)280606,LOTHU6401,2028-06-06
03060045493011,(01)03060045493011(10)LOTVL0842(17)270805,LOTVL0842,2027-08-05
09288946590088,(01)09288946590088(10)LOTQX8791(17)260418,LOTQX8791,2026-04-18
04823405267580,(01)04823405267580(10)LOTGM1117(17)260926,LOTGM1117,2026-09-26
07751644925602,(01)07751644925602(10)LOTXV8240(17)260809,LOTXV8240,2026-08-09
05472397366581,(01)05472397366581(10)LOTTM8235(17)270227,LOTTM8235,2027-02-27
07966222457271,(01)07966222457271(10)LOTHF4365(17)261005,LOTHF4365,2026-10-05
09920229423842,(01)09920229423842(10)LOTUL4443(17)270622,LOTUL4443,2027-06-22
09716762303396,(01)09716762303396(10)LOTFJ6314(17)260610,LOTFJ6314,2026-06-10
08066480366144,(01)08066480366144(10)LOTKX0264(17)260520,LOTKX0264,2026-05-20
05961831529519,(01)05961831529519(10)LOTSS0523(17)280208,LOTSS0523,2028-02-08
08530380171523,(01)08530380171523(10)LOTEW0184(17)260222,LOTEW0184,2026-02-22
02187134822734,(01)02187134822734(10)LOTLW4569(17)270927,LOTLW4569,2027-09-27
00136102630125,(01)00136102630125(10)LOTZQ3999(17)270815,LOTZQ3999,2027-08-15
00285815078844,(01)00285815078844(10)LOTIY8535(17)271206,LOTIY8535,2027-12-06
09600607317023,(01)09600607317023(10)LOTGN0240(17)270415,LOTGN0240,2027-04-15
03878239679871,(01)03878239679871(10)LOTXH9910(17)280417,LOTXH9910,2028-04-17
00593017525913,(01)00593017525913(10)LOTYG3717(17)270404,LOTYG3717,2027-04-04
04559313574174,(01)04559313574174(10)LOTFD3170(17)260903,LOTFD3170,2026-09-03
05970519242831,(01)05970519242831(10)LOTIV5733(17)260609,LOTIV5733,2026-06-09
00284571185667,(01)00284571185667(10)LOTAS2240(17)270525,LOTAS2240,2027-05-25
00968831443604,(01)00968831443604(10)LOTAZ5416(17)280907,LOTAZ5416,2028-09-07
00590655529075,(01)00590655529075(10)LOTDM4683(17)280527,LOTDM4683,2028-05-27
03721019994698,(01)03721019994698(10)LOTIS9326(17)281125,LOTIS9326,2028-11-25
06550167585703,(01)06550167585703(10)LOTSB3988(17)280107,LOTSB3988,2028-01-07
09871293218738,(01)09871293218738(10)LOTRV6978(17)261220,LOTRV6978,2026-12-20
09502871792400,(01)09502871792400(10)LOTGT6369(17)281211,LOTGT6369,2028-12-11
09649876812556,(01)09649876812556(10)LOTVK3812(17)270608,LOTVK3812,2027-06-08
07047567890715,(01)07047567890715(10)LOTQQ6769(17)281127,LOTQQ6769,2028-11-27
07909646164431,(01)07909646164431(10)LOTHZ6708(17)280514,LOTHZ6708,2028-05-14
02577160360063,(01)02577160360063(10)LOTPY3269(17)281014,LOTPY3269,2028-10-14
05431834193258,(01)05431834193258(10)LOTPX9249(17)281216,LOTPX9249,2028-12-16
05018177476257,(01)05018177476257(10)LOTSI2996(17)281025,LOTSI2996,2028-10-25
05149763527838,(01)05149763527838(10)LOTKB3499(17)260317,LOTKB3499,2026-03-17
08394560526318,(01)08394560526318(10)LOTZC7284(17)271124,LOTZC7284,2027-11-24
08697417956666,(01)08697417956666(10)LOTDG2756(17)280705,LOTDG2756,2028-07-05
02537220112377,(01)02537220112377(10)LOTEW6130(17)281020,LOTEW6130,2028-10-20
04360585426128,(01)04360585426128(10)LOTAT0243(17)280824,LOTAT0243,2028-08-24
07560375685347,(01)07560375685347(10)LOTYH8078(17)280119,LOTYH8078,2028-01-19
09692567341392,(01)09692567341392(10)LOTUJ1034(17)280613,LOTUJ1034,2028-06-13
08913142307574,(01)08913142307574(10)LOTTK3835(17)260922,LOTTK3835,2026-09-22
02491673331962,(01)02491673331962(10)LOTNZ5828(17)280823,LOTNZ5828,2028-08-23
00759548363589,(01)00759548363589(10)LOTBI4122(17)271203,LOTBI4122,2027-12-03
05520829330973,(01)05520829330973(10)LOTUN2539(17)280813,LOTUN2539,2028-08-13
08063710653180,(01)08063710653180(10)LOTWV5767(17)261208,LOTWV5767,2026-12-08
03208429647401,(01)03208429647401(10)LOTEE5150(17)271022,LOTEE5150,2027-10-22
09926710688806,(01)09926710688806(10)LOTQD8913(17)281115,LOTQD8913,2028-11-15
06230004553095,(01)06230004553095(10)LOTFU5694(17)261216,LOTFU5694,2026-12-16
06667024746532,(01)06667024746532(10)LOTKS9602(17)271013,LOTKS9602,2027-10-13
03262880310243,(01)03262880310243(10)LOTTT4877(17)270713,LOTTT4877,2027-07-13
06809130374227,(01)06809130374227(10)LOTET3012(17)280801,LOTET3012,2028-08-01
07539651769286,(01)07539651769286(10)LOTNR1313(17)280804,LOTNR1313,2028-08-04
04013244970165,(01)04013244970165(10)LOTAW7045(17)270512,LOTAW7045,2027-05-12
07074176424079,(01)07074176424079(10)LOTKH3699(17)280401,LOTKH3699,2028-04-01
02839434236017,(01)02839434236017(10)LOTFY6378(17)280407,LOTFY6378,2028-04-07
08631931034080,(01)08631931034080(10)LOTJD6903(17)260323,LOTJD6903,2026-03-23
00575629594754,(01)00575629594754(10)LOTIQ0891(17)281020,LOTIQ0891,2028-10-20
00718662231129,(01)00718662231129(10)LOTFO7469(17)280417,LOTFO7469,2028-04-17
00263301031283,(01)00263301031283(10)LOTQP4936(17)280811,LOTQP4936,2028-08-11
03412822905529,(01)03412822905529(10)LOTWK7619(17)270217,LOTWK7619,2027-02-17
07336393350563,(01)07336393350563(10)LOTLB7472(17)280416,LOTLB7472,2028-04-16
04942462805839,(01)04942462805839(10)LOTJN3912(17)270613,LOTJN3912,2027-06-13
04807686674633,(01)04807686674633(10)LOTST4162(17)260820,LOTST4162,2026-08-20
05205319882094,(01)05205319882094(10)LOTVD6857(17)260206,LOTVD6857,2026-02-06
03055720447632,(01)03055720447632(10)LOTBB2349(17)271102,LOTBB2349,2027-11-02
06071559065462,(01)06071559065462(10)LOTSU6777(17)260805,LOTSU6777,2026-08-05
03508066023775,(01)03508066023775(10)LOTVU7921(17)270906,LOTVU7921,2027-09-06
06327579127896,(01)06327579127896(10)LOTCN7343(17)270528,LOTCN7343,2027-05-28
03935111158807,(01)03935111158807(10)LOTVQ6676(17)271211,LOTVQ6676,2027-12-11
07709860064575,(01)07709860064575(10)LOTKQ2256(17)270508,LOTKQ2256,2027-05-08
00851005465055,(01)00851005465055(10)LOTGJ7086(17)260611,LOTGJ7086,2026-06-11
03258265085066,(01)03258265085066(10)LOTPM0747(17)260913,LOTPM0747,2026-09-13
04539328523268,(01)04539328523268(10)LOTUM5654(17)270427,LOTUM5654,2027-04-27
09845083283442,(01)09845083283442(10)LOTTK4771(17)270405,LOTTK4771,2027-04-05
05866882692406,(01)05866882692406(10)LOTVY7525(17)280728,LOTVY7525,2028-07-28
05635771004909,(01)05635771004909(10)LOTOF2513(17)260126,LOTOF2513,2026-01-26
08479795276389,(01)08479795276389(10)LOTSP4311(17)281207,LOTSP4311,2028-12-07
00642186198432,(01)00642186198432(10)LOTDI2410(17)281026,LOTDI2410,2028-10-26
05245922861659,(01)05245922861659(10)LOTRW8226(17)270209,LOTRW8226,2027-02-09
01481230203826,(01)01481230203826(10)LOTHC4476(17)270909,LOTHC4476,2027-09-09
01454999096664,(01)01454999096664(10)LOTCX8630(17)280510,LOTCX8630,2028-05-10
08207574807253,(01)08207574807253(10)LOTEN1039(17)271103,LOTEN1039,2027-11-03
08453818724224,(01)08453818724224(10)LOTRD7716(17)270215,LOTRD7716,2027-02-15
08029220128488,(01)08029220128488(10)LOTFU8250(17)281117,LOTFU8250,2028-11-17
07661465980134,(01)07661465980134(10)LOTNV4735(17)260510,LOTNV4735,2026-05-10
05418138495318,(01)05418138495318(10)LOTXD6504(17)281026,LOTXD6504,2028-10-26
08256532380635,(01)08256532380635(10)LOTVY5539(17)280226,LOTVY5539,2028-02-26
07911406891662,(01)07911406891662(10)LOTWY5159(17)260828,LOTWY5159,2026-08-28
00371382379443,(01)00371382379443(10)LOTGG1759(17)270627,LOTGG1759,2027-06-27
06270521314212,(01)06270521314212(10)LOTZT3456(17)281203,LOTZT3456,2028-12-03
08612352002490,(01)08612352002490(10)LOTPK6765(17)270621,LOTPK6765,2027-06-21
08370379859939,(01)08370379859939(10)LOTIO5862(17)280119,LOTIO5862,2028-01-19
02198746984352,(01)02198746984352(10)LOTXT0997(17)270225,LOTXT0997,2027-02-25
01214966540152,(01)01214966540152(10)LOTYX9915(17)280110,LOTYX9915,2028-01-10
01513288470452,(01)01513288470452(10)LOTJP3190(17)270906,LOTJP3190,2027-09-06
03364077807236,(01)03364077807236(10)LOTRX6974(17)271206,LOTRX6974,2027-12-06
08348671011812,(01)08348671011812(10)LOTYV4932(17)261108,LOTYV4932,2026-11-08
00915928889869,(01)00915928889869(10)LOTSD4813(17)270120,LOTSD4813,2027-01-20
07620308738844,(01)07620308738844(10)LOTOZ1491(17)261214,LOTOZ1491,2026-12-14
05501381402278,(01)05501381402278(10)LOTRF6914(17)260526,LOTRF6914,2026-05-26
06504718613179,(01)06504718613179(10)LOTCE0830(17)281027,LOTCE0830,2028-10-27
06085618687199,(01)06085618687199(10)LOTFH3115(17)260220,LOTFH3115,2026-02-20
05768839937717,(01)05768839937717(10)LOTUN0499(17)270314,LOTUN0499,2027-03-14
06546710331170,(01)06546710331170(10)LOTQX7132(17)280924,LOTQX7132,2028-09-24
09236629757402,(01)09236629757402(10)LOTJC6212(17)260522,LOTJC6212,2026-05-22
00907717640003,(01)00907717640003(10)LOTRA9903(17)280101,LOTRA9903,2028-01-01
08406402972372,(01)08406402972372(10)LOTHH5563(17)260506,LOTHH5563,2026-05-06
00477597449640,(01)00477597449640(10)LOTOV5751(17)260904,LOTOV5751,2026-09-04
04021955409218,(01)04021955409218(10)LOTJY3086(17)270304,LOTJY3086,2027-03-04
04835918441838,(01)04835918441838(10)LOTYW0766(17)270102,LOTYW0766,2027-01-02
00369112052773,(01)00369112052773(10)LOTOE0761(17)280713,LOTOE0761,2028-07-13
02556704780659,(01)02556704780659(10)LOTFV3812(17)261121,LOTFV3812,2026-11-21
00042902487299,(01)00042902487299(10)LOTCC2964(17)260210,LOTCC2964,2026-02-10
02768089622695,(01)02768089622695(10)LOTXT7801(17)260812,LOTXT7801,2026-08-12
09493976950454,(01)09493976950454(10)LOTWS0847(17)270412,LOTWS0847,2027-04-12
03220004252930,(01)03220004252930(10)LOTHG5845(17)271013,LOTHG5845,2027-10-13
03128314619026,(01)03128314619026(10)LOTFU5219(17)261123,LOTFU5219,2026-11-23
09538504294959,(01)09538504294959(10)LOTHF1393(17)271017,LOTHF1393,2027-10-17
02699359943359,(01)02699359943359(10)LOTVQ5532(17)281224,LOTVQ5532,2028-12-24
05244620286078,(01)05244620286078(10)LOTBX4050(17)270509,LOTBX4050,2027-05-09
05076207328549,(01)05076207328549(10)LOTQY5657(17)260509,LOTQY5657,2026-05-09
01702284869067,(01)01702284869067(10)LOTEP0772(17)270617,LOTEP0772,2027-06-17
02695801136713,(01)02695801136713(10)LOTPW7833(17)271104,LOTPW7833,2027-11-04
08032363587753,(01)08032363587753(10)LOTPF7449(17)280807,LOTPF7449,2028-08-07
07820961085303,(01)07820961085303(10)LOTUM7321(17)280618,LOTUM7321,2028-06-18
09397410514243,(01)09397410514243(10)LOTZU2821(17)280127,LOTZU2821,2028-01-27
04201466676327,(01)04201466676327(10)LOTRT4544(17)280618,LOTRT4544,2028-06-18
08790581385901,(01)08790581385901(10)LOTZE5785(17)270803,LOTZE5785,2027-08-03
08675112138174,(01)08675112138174(10)LOTTM1753(17)280413,LOTTM1753,2028-04-13
03077169473430,(01)03077169473430(10)LOTWT0324(17)270521,LOTWT0324,2027-05-21
09218235923334,(01)09218235923334(10)LOTKI1043(17)280202,LOTKI1043,2028-02-02
00967206467139,(01)00967206467139(10)LOTYJ3590(17)260523,LOTYJ3590,2026-05-23
04732605731770,(01)04732605731770(10)LOTFM8650(17)281222,LOTFM8650,2028-12-22
05978284496114,(01)05978284496114(10)LOTAB2232(17)271104,LOTAB2232,2027-11-04
03171909947226,(01)03171909947226(10)LOTCF8515(17)260721,LOTCF8515,2026-07-21
02343524863538,(01)02343524863538(10)LOTIR0578(17)260106,LOTIR0578,2026-01-06
04781194750242,(01)04781194750242(10)LOTYC6310(17)271228,LOTYC6310,2027-12-28
00257241970016,(01)00257241970016(10)LOTXG1758(17)260610,LOTXG1758,2026-06-10
01564370126283,(01)01564370126283(10)LOTDG4858(17)281214,LOTDG4858,2028-12-14
06390749757469,(01)06390749757469(10)LOTKO2266(17)260516,LOTKO2266,2026-05-16
03167321026380,(01)03167321026380(10)LOTTY6812(17)270410,LOTTY6812,2027-04-10
00451654423002,(01)00451654423002(10)LOTWR6123(17)261114,LOTWR6123,2026-11-14
04051102519439,(01)04051102519439(10)LOTCG7892(17)280603,LOTCG7892,2028-06-03
03675498385549,(01)03675498385549(10)LOTFK1607(17)260918,LOTFK1607,2026-09-18
07594342615556,(01)07594342615556(10)LOTGQ6253(17)270923,LOTGQ6253,2027-09-23
03850708665905,(01)03850708665905(10)LOTEB9614(17)270718,LOTEB9614,2027-07-18
02199026459195,(01)02199026459195(10)LOTIB0624(17)260628,LOTIB0624,2026-06-28
02682796992271,(01)02682796992271(10)LOTPD5650(17)280124,LOTPD5650,2028-01-24
04443599838948,(01)04443599838948(10)LOTIY2826(17)280416,LOTIY2826,2028-04-16
08563763244897,(01)08563763244897(10)LOTYH7950(17)260206,LOTYH7950,2026-02-06
03208059842016,(01)03208059842016(10)LOTHN1560(17)271017,LOTHN1560,2027-10-17
00454202810774,(01)00454202810774(10)LOTPW3285(17)280224,LOTPW3285,2028-02-24
08848644769172,(01)08848644769172(10)LOTPC9032(17)270304,LOTPC9032,2027-03-04
03829681097485,(01)03829681097485(10)LOTVK1621(17)281216,LOTVK1621,2028-12-16
05699166046851,(01)05699166046851(10)LOTFE1333(17)260908,LOTFE1333,2026-09-08
09722684774664,(01)09722684774664(10)LOTDA4955(17)270210,LOTDA4955,2027-02-10
00698667931500,(01)00698667931500(10)LOTLT5352(17)270922,LOTLT5352,2027-09-22
00872345019173,(01)00872345019173(10)LOTNN0080(17)271126,LOTNN0080,2027-11-26
00449593364197,(01)00449593364197(10)LOTRT5157(17)281118,LOTRT5157,2028-11-18
09373807813854,(01)09373807813854(10)LOTIN2616(17)270202,LOTIN2616,2027-02-02
06168777556053,(01)06168777556053(10)LOTJO0122(17)270521,LOTJO0122,2027-05-21
02171373695891,(01)02171373695891(10)LOTVP1804(17)260512,LOTVP1804,2026-05-12
03954070119292,(01)03954070119292(10)LOTHV1476(17)271208,LOTHV1476,2027-12-08
09660999451705,(01)09660999451705(10)LOTNT5906(17)270305,LOTNT5906,2027-03-05
02974816202461,(01)02974816202461(10)LOTGT4259(17)280417,LOTGT4259,2028-04-17
04494356932683,(01)04494356932683(10)LOTCI0698(17)260906,LOTCI0698,2026-09-06
01383109078767,(01)01383109078767(10)LOTOZ4931(17)280909,LOTOZ4931,2028-09-09
01760406469380,(01)01760406469380(10)LOTWT9770(17)271002,LOTWT9770,2027-10-02
00243304272524,(01)00243304272524(10)LOTVS2832(17)270518,LOTVS2832,2027-05-18
08148021801182,(01)08148021801182(10)LOTED7048(17)280626,LOTED7048,2028-06-26
00308818785905,(01)00308818785905(10)LOTSU3079(17)270224,LOTSU3079,2027-02-24
03540005421136,(01)03540005421136(10)LOTQC7889(17)281003,LOTQC7889,2028-10-03
02877404436678,(01)02877404436678(10)LOTJF8639(17)260201,LOTJF8639,2026-02-01
01925398768570,(01)01925398768570(10)LOTZB9795(17)260311,LOTZB9795,2026-03-11
07793900639748,(01)07793900639748(10)LOTLP2126(17)260802,LOTLP2126,2026-08-02
01605511561041,(01)01605511561041(10)LOTYU8337(17)270207,LOTYU8337,2027-02-07
09711999336179,(01)09711999336179(10)LOTNX5908(17)270428,LOTNX5908,2027-04-28
08626127917223,(01)08626127917223(10)LOTPR0188(17)280228,LOTPR0188,2028-02-28
05360118996844,(01)05360118996844(10)LOTBK4050(17)270525,LOTBK4050,2027-05-25
08933527343744,(01)08933527343744(10)LOTZL6403(17)271223,LOTZL6403,2027-12-23
03429999041974,(01)03429999041974(10)LOTXX7876(17)280105,LOTXX7876,2028-01-05
01493248153529,(01)01493248153529(10)LOTMF2098(17)280213,LOTMF2098,2028-02-13
04136200841306,(01)04136200841306(10)LOTIA6790(17)261211,LOTIA6790,2026-12-11
07839299602502,(01)07839299602502(10)LOTTG8654(17)270811,LOTTG8654,2027-08-11
07282969385722,(01)07282969385722(10)LOTOI6081(17)270201,LOTOI6081,2027-02-01
01659397868077,(01)01659397868077(10)LOTGM7450(17)270915,LOTGM7450,2027-09-15
04976271856225,(01)04976271856225(10)LOTCS1036(17)270122,LOTCS1036,2027-01-22
07644675213469,(01)07644675213469(10)LOTMK0148(17)261122,LOTMK0148,2026-11-22
05087283702772,(01)05087283702772(10)LOTQQ5289(17)270419,LOTQQ5289,2027-04-19
04503246239129,(01)04503246239129(10)LOTLV7877(17)280611,LOTLV7877,2028-06-11
00381728218633,(01)00381728218633(10)LOTFC9936(17)260319,LOTFC9936,2026-03-19
06553255053207,(01)06553255053207(10)LOTXC8225(17)280313,LOTXC8225,2028-03-13
08115890144368,(01)08115890144368(10)LOTNO0584(17)281022,LOTNO0584,2028-10-22
09563150177462,(01)09563150177462(10)LOTBU0283(17)261114,LOTBU0283,2026-11-14
00911590228159,(01)00911590228159(10)LOTCH9196(17)260825,LOTCH9196,2026-08-25
08731512845569,(01)08731512845569(10)LOTND1865(17)261128,LOTND1865,2026-11-28
00119098043742,(01)00119098043742(10)LOTSF8746(17)260602,LOTSF8746,2026-06-02
07101648335202,(01)07101648335202(10)LOTHN4139(17)260909,LOTHN4139,2026-09-09
08152726005790,(01)08152726005790(10)LOTPA6322(17)261225,LOTPA6322,2026-12-25
04431346645345,(01)04431346645345(10)LOTTL0807(17)261216,LOTTL0807,2026-12-16
09290581443001,(01)09290581443001(10)LOTCP5653(17)260723,LOTCP5653,2026-07-23
00649737884530,(01)00649737884530(10)LOTWL6391(17)260627,LOTWL6391,2026-06-27
00495307528850,(01)00495307528850(10)LOTGO1158(17)280224,LOTGO1158,2028-02-24
08624834601350,(01)08624834601350(10)LOTFJ7437(17)261028,LOTFJ7437,2026-10-28
02583586269804,(01)02583586269804(10)LOTQU8391(17)270305,LOTQU8391,2027-03-05
03151204285995,(01)03151204285995(10)LOTWR5416(17)280920,LOTWR5416,2028-09-20
00191785801866,(01)00191785801866(10)LOTAI7860(17)260807,LOTAI7860,2026-08-07
05015416140467,(01)05015416140467(10)LOTXT2006(17)261126,LOTXT2006,2026-11-26
04088798036506,(01)04088798036506(10)LOTFK8719(17)270702,LOTFK8719,2027-07-02
03949635267105,(01)03949635267105(10)LOTJX1738(17)281220,LOTJX1738,2028-12-20
02335782838564,(01)02335782838564(10)LOTRG6671(17)280109,LOTRG6671,2028-01-09
00161123403106,(01)00161123403106(10)LOTLD2377(17)280611,LOTLD2377,2028-06-11
06103356374024,(01)06103356374024(10)LOTOW9997(17)270209,LOTOW9997,2027-02-09
02466093699916,(01)02466093699916(10)LOTNV6775(17)281105,LOTNV6775,2028-11-05
04412273401600,(01)04412273401600(10)LOTCS1430(17)261115,LOTCS1430,2026-11-15
06061574790333,(01)06061574790333(10)LOTBY1222(17)261027,LOTBY1222,2026-10-27
08224980507461,(01)08224980507461(10)LOTUN1700(17)280217,LOTUN1700,2028-02-17
08664067336285,(01)08664067336285(10)LOTBG3773(17)260617,LOTBG3773,2026-06-17
02452746772785,(01)02452746772785(10)LOTLM8583(17)261122,LOTLM8583,2026-11-22
05127986772914,(01)05127986772914(10)LOTQT4465(17)260822,LOTQT4465,2026-08-22
04110656468560,(01)04110656468560(10)LOTYH5055(17)260506,LOTYH5055,2026-05-06
08787103392059,(01)08787103392059(10)LOTHQ7417(17)280725,LOTHQ7417,2028-07-25
03169953412746,(01)03169953412746(10)LOTMZ5466(17)261118,LOTMZ5466,2026-11-18
03608074190008,(01)03608074190008(10)LOTDX7176(17)260424,LOTDX7176,2026-04-24
01897841897369,(01)01897841897369(10)LOTTF5226(17)280827,LOTTF5226,2028-08-27
00099300347397,(01)00099300347397(10)LOTWO6527(17)260217,LOTWO6527,2026-02-17
06262284948360,(01)06262284948360(10)LOTVM7350(17)281220,LOTVM7350,2028-12-20
09643065469583,(01)09643065469583(10)LOTBN0274(17)280219,LOTBN0274,2028-02-19
07000997206495,(01)07000997206495(10)LOTHG4101(17)260313,LOTHG4101,2026-03-13
08564449108267,(01)08564449108267(10)LOTSJ1087(17)260202,LOTSJ1087,2026-02-02
05754372274440,(01)05754372274440(10)LOTHR1572(17)260710,LOTHR1572,2026-07-10
09377865381034,(01)09377865381034(10)LOTXF6721(17)270126,LOTXF6721,2027-01-26
05853059412479,(01)05853059412479(10)LOTPZ8778(17)280408,LOTPZ8778,2028-04-08
05209836966497,(01)05209836966497(10)LOTZU5407(17)280810,LOTZU5407,2028-08-10
05118948400587,(01)05118948400587(10)LOTOD6221(17)260421,LOTOD6221,2026-04-21
04935694527044,(01)04935694527044(10)LOTRR9991(17)280216,LOTRR9991,2028-02-16
07346930017811,(01)07346930017811(10)LOTFB1320(17)260826,LOTFB1320,2026-08-26
00216171288943,(01)00216171288943(10)LOTOR1625(17)281107,LOTOR1625,2028-11-07
00476395222394,(01)00476395222394(10)LOTJP5639(17)271121,LOTJP5639,2027-11-21
03426514721120,(01)03426514721120(10)LOTEG6705(17)280818,LOTEG6705,2028-08-18
05315070582000,(01)05315070582000(10)LOTUD0398(17)270316,LOTUD0398,2027-03-16
05782891382421,(01)05782891382421(10)LOTJL4588(17)281124,LOTJL4588,2028-11-24
01811815810819,(01)01811815810819(10)LOTUG3509(17)270924,LOTUG3509,2027-09-24
02053679892078,(01)02053679892078(10)LOTOJ5708(17)270610,LOTOJ5708,2027-06-10
04573378685491,(01)04573378685491(10)LOTFM9677(17)280912,LOTFM9677,2028-09-12
03120432796092,(01)03120432796092(10)LOTPB1087(17)270725,LOTPB1087,2027-07-25
02945201279085,(01)02945201279085(10)LOTYQ0269(17)281113,LOTYQ0269,2028-11-13
02353632700601,(01)02353632700601(10)LOTOV8896(17)270513,LOTOV8896,2027-05-13
07966763239404,(01)07966763239404(10)LOTOP8782(17)260715,LOTOP8782,2026-07-15
02945189178707,(01)02945189178707(10)LOTJW4104(17)280924,LOTJW4104,2028-09-24
05829130167361,(01)05829130167361(10)LOTLN2918(17)280206,LOTLN2918,2028-02-06
07672481705601,(01)07672481705601(10)LOTGB6183(17)260413,LOTGB6183,2026-04-13
03600379215721,(01)03600379215721(10)LOTTO7592(17)281222,LOTTO7592,2028-12-22
08123022917797,(01)08123022917797(10)LOTYO4570(17)271003,LOTYO4570,2027-10-03
06428038221039,(01)06428038221039(10)LOTXK5379(17)260115,LOTXK5379,2026-01-15
06736905461069,(01)06736905461069(10)LOTYK1726(17)260913,LOTYK1726,2026-09-13
04216490313704,(01)04216490313704(10)LOTFR2058(17)281202,LOTFR2058,2028-12-02
06788968197287,(01)06788968197287(10)LOTKZ5204(17)281002,LOTKZ5204,2028-10-02
07792835051878,(01)07792835051878(10)LOTTL0266(17)260702,LOTTL0266,2026-07-02
00009538902701,(01)00009538902701(10)LOTZH9196(17)280123,LOTZH9196,2028-01-23
05575417407094,(01)05575417407094(10)LOTKX1603(17)280506,LOTKX1603,2028-05-06
07952364597616,(01)07952364597616(10)LOTVS7615(17)270818,LOTVS7615,2027-08-18
00508661010890,(01)00508661010890(10)LOTTR4877(17)260316,LOTTR4877,2026-03-16
00984939716709,(01)00984939716709(10)LOTLC5775(17)280415,LOTLC5775,2028-04-15
03799041163429,(01)03799041163429(10)LOTHQ8899(17)260721,LOTHQ8899,2026-07-21
08455251129437,(01)08455251129437(10)LOTCF0368(17)270114,LOTCF0368,2027-01-14
09605255221845,(01)09605255221845(10)LOTRJ2806(17)271212,LOTRJ2806,2027-12-12
09430584365256,(01)09430584365256(10)LOTCT4847(17)260822,LOTCT4847,2026-08-22
04987842954011,(01)04987842954011(10)LOTSE4271(17)280808,LOTSE4271,2028-08-08
02519618252261,(01)02519618252261(10)LOTZH0274(17)260121,LOTZH0274,2026-01-21
09948871292272,(01)09948871292272(10)LOTDK3622(17)260201,LOTDK3622,2026-02-01
06170334076249,(01)06170334076249(10)LOTZA4891(17)261222,LOTZA4891,2026-12-22
03973880777072,(01)03973880777072(10)LOTBE0948(17)260703,LOTBE0948,2026-07-03
00178694813296,(01)00178694813296(10)LOTCF3747(17)270512,LOTCF3747,2027-05-12
07047838307294,(01)07047838307294(10)LOTWZ8783(17)261221,LOTWZ8783,2026-12-21
04507130498371,(01)04507130498371(10)LOTNY9163(17)281215,LOTNY9163,2028-12-15
06288798652388,(01)06288798652388(10)LOTPL8833(17)270407,LOTPL8833,2027-04-07
03948020245155,(01)03948020245155(10)LOTCN1783(17)280108,LOTCN1783,2028-01-08
04865346658645,(01)04865346658645(10)LOTSY0282(17)260623,LOTSY0282,2026-06-23
05438690335020,(01)05438690335020(10)LOTEL5620(17)260305,LOTEL5620,2026-03-05
03745305309027,(01)03745305309027(10)LOTLK2169(17)280816,LOTLK2169,2028-08-16
07987944754912,(01)07987944754912(10)LOTFD5637(17)271127,LOTFD5637,2027-11-27
07141088853607,(01)07141088853607(10)LOTNJ7467(17)260103,LOTNJ7467,2026-01-03
07645283037447,(01)07645283037447(10)LOTEW4174(17)261015,LOTEW4174,2026-10-15
05366251303242,(01)05366251303242(10)LOTQY8238(17)260325,LOTQY8238,2026-03-25
09156710504213,(01)09156710504213(10)LOTGA4802(17)260506,LOTGA4802,2026-05-06
02528941665723,(01)02528941665723(10)LOTND5362(17)280510,LOTND5362,2028-05-10
05457194919345,(01)05457194919345(10)LOTIQ6988(17)270703,LOTIQ6988,2027-07-03
01652245718937,(01)01652245718937(10)LOTDT4326(17)281001,LOTDT4326,2028-10-01
04192052218055,(01)04192052218055(10)LOTJG4098(17)260128,LOTJG4098,2026-01-28
06808716759601,(01)06808716759601(10)LOTKA0378(17)280916,LOTKA0378,2028-09-16
03963652540447,(01)03963652540447(10)LOTLZ2921(17)280724,LOTLZ2921,2028-07-24
04540337362595,(01)04540337362595(10)LOTBA8519(17)280918,LOTBA8519,2028-09-18
05728590178644,(01)05728590178644(10)LOTWN2761(17)280820,LOTWN2761,2028-08-20
05344209439434,(01)05344209439434(10)LOTIV4107(17)260919,LOTIV4107,2026-09-19
07312387318603,(01)07312387318603(10)LOTUS9761(17)260501,LOTUS9761,2026-05-01
01314543228210,(01)01314543228210(10)LOTZE1926(17)260514,LOTZE1926,2026-05-14
00833744804098,(01)00833744804098(10)LOTGP1304(17)261122,LOTGP1304,2026-11-22
03434800223968,(01)03434800223968(10)LOTEH4990(17)270610,LOTEH4990,2027-06-10
09915046804035,(01)09915046804035(10)LOTQB1423(17)280126,LOTQB1423,2028-01-26
07402917206453,(01)07402917206453(10)LOTNX7668(17)270615,LOTNX7668,2027-06-15
06171822431687,(01)06171822431687(10)LOTXS1275(17)281110,LOTXS1275,2028-11-10
00185242335445,(01)00185242335445(10)LOTVL8794(17)261009,LOTVL8794,2026-10-09
04283867403979,(01)04283867403979(10)LOTHM5715(17)270716,LOTHM5715,2027-07-16
07836758627588,(01)07836758627588(10)LOTVW0478(17)261001,LOTVW0478,2026-10-01
00821979349477,(01)00821979349477(10)LOTNF5834(17)281012,LOTNF5834,2028-10-12
05372588915591,(01)05372588915591(10)LOTEI1567(17)280706,LOTEI1567,2028-07-06
04272206433395,(01)04272206433395(10)LOTPP3083(17)260709,LOTPP3083,2026-07-09
07875712062287,(01)07875712062287(10)LOTKL4860(17)260112,LOTKL4860,2026-01-12
03268876450481,(01)03268876450481(10)LOTYM8648(17)270110,LOTYM8648,2027-01-10
04723542609697,(01)04723542609697(10)LOTSX5642(17)280918,LOTSX5642,2028-09-18
09787075314263,(01)09787075314263(10)LOTFX5006(17)271201,LOTFX5006,2027-12-01
08962279737334,(01)08962279737334(10)LOTOX2860(17)260225,LOTOX2860,2026-02-25
02187953737547,(01)02187953737547(10)LOTQJ9191(17)270528,LOTQJ9191,2027-05-28
09214204789420,(01)09214204789420(10)LOTXY4390(17)260115,LOTXY4390,2026-01-15
09595508244809,(01)09595508244809(10)LOTNE9009(17)260327,LOTNE9009,2026-03-27
02668733720787,(01)02668733720787(10)LOTFO6613(17)260420,LOTFO6613,2026-04-20
08668963056049,(01)08668963056049(10)LOTFV7765(17)270505,LOTFV7765,2027-05-05
07098914801687,(01)07098914801687(10)LOTYB1295(17)280906,LOTYB1295,2028-09-06
07920768140745,(01)07920768140745(10)LOTRP4659(17)281127,LOTRP4659,2028-11-27
09538520062815,(01)09538520062815(10)LOTEU6840(17)281219,LOTEU6840,2028-12-19
05660648606931,(01)05660648606931(10)LOTXA1902(17)260417,LOTXA1902,2026-04-17
08402480862765,(01)08402480862765(10)LOTIA4803(17)280108,LOTIA4803,2028-01-08
09073656598666,(01)09073656598666(10)LOTYA0309(17)280127,LOTYA0309,2028-01-27
00180274723031,(01)00180274723031(10)LOTWC4579(17)270816,LOTWC4579,2027-08-16
01293902085414,(01)01293902085414(10)LOTZC6293(17)270715,LOTZC6293,2027-07-15
02823010736817,(01)02823010736817(10)LOTIV4214(17)260226,LOTIV4214,2026-02-26
05864824408931,(01)05864824408931(10)LOTPU5241(17)280728,LOTPU5241,2028-07-28
00367082339474,(01)00367082339474(10)LOTRX8133(17)270217,LOTRX8133,2027-02-17
05020613453579,(01)05020613453579(10)LOTOU1985(17)280801,LOTOU1985,2028-08-01
07529197230371,(01)07529197230371(10)LOTDB2246(17)260319,LOTDB2246,2026-03-19
07872270388552,(01)07872270388552(10)LOTYI0610(17)280304,LOTYI0610,2028-03-04
05210679519528,(01)05210679519528(10)LOTOX1630(17)260522,LOTOX1630,2026-05-22
02928604646715,(01)02928604646715(10)LOTPZ9949(17)280418,LOTPZ9949,2028-04-18
02148523765148,(01)02148523765148(10)LOTGI9532(17)260302,LOTGI9532,2026-03-02
03951925570277,(01)03951925570277(10)LOTDE2091(17)260412,LOTDE2091,2026-04-12
07962375450039,(01)07962375450039(10)LOTJF4163(17)260323,LOTJF4163,2026-03-23
05801279589686,(01)05801279589686(10)LOTSP3688(17)260306,LOTSP3688,2026-03-06
01158204297821,(01)01158204297821(10)LOTGU8249(17)280228,LOTGU8249,2028-02-28
05333556870373,(01)05333556870373(10)LOTUU4554(17)270119,LOTUU4554,2027-01-19
05181402592548,(01)05181402592548(10)LOTKH4457(17)260316,LOTKH4457,2026-03-16
09270522799428,(01)09270522799428(10)LOTIT3080(17)270702,LOTIT3080,2027-07-02
06233564770704,(01)06233564770704(10)LOTGD7144(17)270905,LOTGD7144,2027-09-05
02455191469910,(01)02455191469910(10)LOTNU9932(17)281111,LOTNU9932,2028-11-11
05071948151500,(01)05071948151500(10)LOTIH6169(17)260618,LOTIH6169,2026-06-18
03600077764149,(01)03600077764149(10)LOTPI5387(17)270115,LOTPI5387,2027-01-15
08509603038103,(01)08509603038103(10)LOTPF1004(17)280505,LOTPF1004,2028-05-05
07132443754042,(01)07132443754042(10)LOTHY9492(17)270223,LOTHY9492,2027-02-23
06762853962082,(01)06762853962082(10)LOTGY6829(17)270914,LOTGY6829,2027-09-14
00582175737627,(01)00582175737627(10)LOTYW1292(17)280508,LOTYW1292,2028-05-08
09980457679091,(01)09980457679091(10)LOTLI6527(17)260803,LOTLI6527,2026-08-03
08937916213458,(01)08937916213458(10)LOTNU7781(17)280414,LOTNU7781,2028-04-14
05943822779028,(01)05943822779028(10)LOTEH7438(17)260523,LOTEH7438,2026-05-23
07243574917401,(01)07243574917401(10)LOTQW9005(17)260201,LOTQW9005,2026-02-01
09929798977077,(01)09929798977077(10)LOTRG3524(17)280724,LOTRG3524,2028-07-24
07278697218708,(01)07278697218708(10)LOTWT2465(17)261028,LOTWT2465,2026-10-28
08764009532093,(01)08764009532093(10)LOTCJ5126(17)280527,LOTCJ5126,2028-05-27
02339402048760,(01)02339402048760(10)LOTPR9692(17)261010,LOTPR9692,2026-10-10
03563759200574,(01)03563759200574(10)LOTMO8584(17)280115,LOTMO8584,2028-01-15
05326782674631,(01)05326782674631(10)LOTQA9171(17)270715,LOTQA9171,2027-07-15
06197587044245,(01)06197587044245(10)LOTKH5120(17)260906,LOTKH5120,2026-09-06
01832656148251,(01)01832656148251(10)LOTLR3176(17)270921,LOTLR3176,2027-09-21
08699641342901,(01)08699641342901(10)LOTHF3939(17)280222,LOTHF3939,2028-02-22
02939559442741,(01)02939559442741(10)LOTSL7422(17)270616,LOTSL7422,2027-06-16
06905545940030,(01)06905545940030(10)LOTYE3610(17)270111,LOTYE3610,2027-01-11
00590308388653,(01)00590308388653(10)LOTKQ1950(17)271210,LOTKQ1950,2027-12-10
00461234297947,(01)00461234297947(10)LOTDZ7699(17)271023,LOTDZ7699,2027-10-23
02424355305494,(01)02424355305494(10)LOTGZ2400(17)270421,LOTGZ2400,2027-04-21
08775294112181,(01)08775294112181(10)LOTWA4986(17)270626,LOTWA4986,2027-06-26
07518120140382,(01)07518120140382(10)LOTUS8007(17)270214,LOTUS8007,2027-02-14
05473666480977,(01)05473666480977(10)LOTOU2463(17)260412,LOTOU2463,2026-04-12
01803120840711,(01)01803120840711(10)LOTVX9447(17)270602,LOTVX9447,2027-06-02
02291642449618,(01)02291642449618(10)LOTKE5166(17)260122,LOTKE5166,2026-01-22
06392982620593,(01)06392982620593(10)LOTPZ1239(17)270518,LOTPZ1239,2027-05-18
09936292658777,(01)09936292658777(10)LOTRI1585(17)261118,LOTRI1585,2026-11-18
05486468882252,(01)05486468882252(10)LOTKD7322(17)280918,LOTKD7322,2028-09-18
00502100733586,(01)00502100733586(10)LOTWK6484(17)280107,LOTWK6484,2028-01-07
09648710116966,(01)09648710116966(10)LOTTL7572(17)260106,LOTTL7572,2026-01-06
08940579755142,(01)08940579755142(10)LOTKQ5961(17)280903,LOTKQ5961,2028-09-03
04504074942786,(01)04504074942786(10)LOTIC8960(17)260216,LOTIC8960,2026-02-16
09659448893586,(01)09659448893586(10)LOTLU1626(17)280111,LOTLU1626,2028-01-11
04300756632828,(01)04300756632828(10)LOTRD7811(17)280309,LOTRD7811,2028-03-09
02008810387838,(01)02008810387838(10)LOTLY8834(17)280301,LOTLY8834,2028-03-01
07295325116717,(01)07295325116717(10)LOTGR9159(17)270525,LOTGR9159,2027-05-25
07162286544432,(01)07162286544432(10)LOTHX9002(17)280315,LOTHX9002,2028-03-15
01778908648608,(01)01778908648608(10)LOTRC9012(17)270127,LOTRC9012,2027-01-27
01208261709307,(01)01208261709307(10)LOTME6965(17)270118,LOTME6965,2027-01-18
03412864905440,(01)03412864905440(10)LOTLY4438(17)280419,LOTLY4438,2028-04-19
00256810835206,(01)00256810835206(10)LOTSN4954(17)281114,LOTSN4954,2028-11-14
02035614958094,(01)02035614958094(10)LOTEN9937(17)260912,LOTEN9937,2026-09-12
01227580189270,(01)01227580189270(10)LOTXC2713(17)281205,LOTXC2713,2028-12-05
01634456758148,(01)01634456758148(10)LOTMI6628(17)260528,LOTMI6628,2026-05-28
08504728043698,(01)08504728043698(10)LOTEF5462(17)280602,LOTEF5462,2028-06-02
07328322727607,(01)07328322727607(10)LOTXF8770(17)260417,LOTXF8770,2026-04-17
03956834726654,(01)03956834726654(10)LOTUX0284(17)260417,LOTUX0284,2026-04-17
06994690918520,(01)06994690918520(10)LOTQS1185(17)260215,LOTQS1185,2026-02-15
05213341928369,(01)05213341928369(10)LOTQE0517(17)260820,LOTQE0517,2026-08-20
04795912872888,(01)04795912872888(10)LOTHG4072(17)270914,LOTHG4072,2027-09-14
05885829455355,(01)05885829455355(10)LOTEQ8171(17)270917,LOTEQ8171,2027-09-17
01371279946108,(01)01371279946108(10)LOTAZ5510(17)271003,LOTAZ5510,2027-10-03
08623363834550,(01)08623363834550(10)LOTJW0027(17)270523,LOTJW0027,2027-05-23
06045568816247,(01)06045568816247(10)LOTBH0793(17)270108,LOTBH0793,2027-01-08
08371207741914,(01)08371207741914(10)LOTLR0846(17)260527,LOTLR0846,2026-05-27
06252971952909,(01)06252971952909(10)LOTDC9319(17)280201,LOTDC9319,2028-02-01
08017048767743,(01)08017048767743(10)LOTFP6320(17)260914,LOTFP6320,2026-09-14
01604643754314,(01)01604643754314(10)LOTSB7435(17)271008,LOTSB7435,2027-10-08
01550551583730,(01)01550551583730(10)LOTNS0160(17)280505,LOTNS0160,2028-05-05
07692742672190,(01)07692742672190(10)LOTPI4833(17)270819,LOTPI4833,2027-08-19
09436305751865,(01)09436305751865(10)LOTIO5775(17)280406,LOTIO5775,2028-04-06
01797146932898,(01)01797146932898(10)LOTMX3720(17)261212,LOTMX3720,2026-12-12
04513054131706,(01)04513054131706(10)LOTPL7977(17)271124,LOTPL7977,2027-11-24
08820814355293,(01)08820814355293(10)LOTUE9078(17)261105,LOTUE9078,2026-11-05
06800276016378,(01)06800276016378(10)LOTMH8281(17)270624,LOTMH8281,2027-06-24
04834244493047,(01)04834244493047(10)LOTNE5038(17)271004,LOTNE5038,2027-10-04
01366602088532,(01)01366602088532(10)LOTAB1807(17)260721,LOTAB1807,2026-07-21
01511335805110,(01)01511335805110(10)LOTEZ7510(17)280209,LOTEZ7510,2028-02-09
08471982814626,(01)08471982814626(10)LOTQL0445(17)260310,LOTQL0445,2026-03-10
05802163704925,(01)05802163704925(10)LOTCX6086(17)270903,LOTCX6086,2027-09-03
06639440530286,(01)06639440530286(10)LOTAG0580(17)260503,LOTAG0580,2026-05-03
06013236590829,(01)06013236590829(10)LOTNU3890(17)270423,LOTNU3890,2027-04-23
06758139313495,(01)06758139313495(10)LOTBR0991(17)280222,LOTBR0991,2028-02-22
06915678336921,(01)06915678336921(10)LOTZJ5303(17)270418,LOTZJ5303,2027-04-18
03638080474151,(01)03638080474151(10)LOTJD8797(17)280920,LOTJD8797,2028-09-20
06383691265595,(01)06383691265595(10)LOTQK1312(17)271113,LOTQK1312,2027-11-13
00151215504125,(01)00151215504125(10)LOTBE3171(17)261028,LOTBE3171,2026-10-28
06183793943182,(01)06183793943182(10)LOTFK7146(17)281026,LOTFK7146,2028-10-26
05721777172787,(01)05721777172787(10)LOTMG0027(17)260826,LOTMG0027,2026-08-26
03265233336303,(01)03265233336303(10)LOTZS3270(17)260823,LOTZS3270,2026-08-23
04933191799179,(01)04933191799179(10)LOTVL9352(17)260201,LOTVL9352,2026-02-01
06067169345100,(01)06067169345100(10)LOTWV9331(17)280919,LOTWV9331,2028-09-19
02695686235808,(01)02695686235808(10)LOTEA8062(17)261002,LOTEA8062,2026-10-02
05005178604765,(01)05005178604765(10)LOTAE4996(17)260705,LOTAE4996,2026-07-05
06469258017941,(01)06469258017941(10)LOTWO9182(17)260309,LOTWO9182,2026-03-09
02009377803366,(01)02009377803366(10)LOTIM5079(17)261211,LOTIM5079,2026-12-11
08023758895607,(01)08023758895607(10)LOTSE2840(17)280805,LOTSE2840,2028-08-05
02228246741749,(01)02228246741749(10)LOTKK0464(17)260914,LOTKK0464,2026-09-14
01895830581992,(01)01895830581992(10)LOTOP8894(17)270921,LOTOP8894,2027-09-21
06307639190831,(01)06307639190831(10)LOTBJ5490(17)280625,LOTBJ5490,2028-06-25
02161095424350,(01)02161095424350(10)LOTZU9605(17)260523,LOTZU9605,2026-05-23
08995127279854,(01)08995127279854(10)LOTNF7780(17)270804,LOTNF7780,2027-08-04
05785097621028,(01)05785097621028(10)LOTMK3204(17)270505,LOTMK3204,2027-05-05
08913382549550,(01)08913382549550(10)LOTZE0241(17)261214,LOTZE0241,2026-12-14
06353591244693,(01)06353591244693(10)LOTTA2984(17)260715,LOTTA2984,2026-07-15
01932737433310,(01)01932737433310(10)LOTDL6543(17)280113,LOTDL6543,2028-01-13
04138007691542,(01)04138007691542(10)LOTLC5845(17)270117,LOTLC5845,2027-01-17
06679115894893,(01)06679115894893(10)LOTPP2218(17)260314,LOTPP2218,2026-03-14
01208112642043,(01)01208112642043(10)LOTEO4339(17)281202,LOTEO4339,2028-12-02
05973657344115,(01)05973657344115(10)LOTGL8539(17)270921,LOTGL8539,2027-09-21
03961962491305,(01)03961962491305(10)LOTWN9425(17)280907,LOTWN9425,2028-09-07
03100583101556,(01)03100583101556(10)LOTQZ4357(17)280801,LOTQZ4357,2028-08-01
05631162165686,(01)05631162165686(10)LOTLL6155(17)261014,LOTLL6155,2026-10-14
07787221526542,(01)07787221526542(10)LOTNR9629(17)280307,LOTNR9629,2028-03-07
06130216503461,(01)06130216503461(10)LOTYV5728(17)271112,LOTYV5728,2027-11-12
02238448454705,(01)02238448454705(10)LOTDG2128(17)270728,LOTDG2128,2027-07-28
06564402657346,(01)06564402657346(10)LOTCC3642(17)270209,LOTCC3642,2027-02-09
03278202348887,(01)03278202348887(10)LOTUF3059(17)260703,LOTUF3059,2026-07-03
01466533988564,(01)01466533988564(10)LOTJE0270(17)260521,LOTJE0270,2026-05-21
05676260157188,(01)05676260157188(10)LOTRK2088(17)281014,LOTRK2088,2028-10-14
08555398939675,(01)08555398939675(10)LOTFG6300(17)280217,LOTFG6300,2028-02-17
09347014818070,(01)09347014818070(10)LOTHB3135(17)260817,LOTHB3135,2026-08-17
09817028723382,(01)09817028723382(10)LOTTG8552(17)270521,LOTTG8552,2027-05-21
04233189163679,(01)04233189163679(10)LOTRJ3014(17)260101,LOTRJ3014,2026-01-01
05469110704478,(01)05469110704478(10)LOTHH2046(17)280422,LOTHH2046,2028-04-22
01170960950659,(01)01170960950659(10)LOTEV8559(17)260626,LOTEV8559,2026-06-26
02254427381640,(01)02254427381640(10)LOTMV8454(17)270521,LOTMV8454,2027-05-21
00511519983796,(01)00511519983796(10)LOTZE6965(17)260228,LOTZE6965,2026-02-28
07986563597351,(01)07986563597351(10)LOTCT5511(17)280307,LOTCT5511,2028-03-07
04402206350273,(01)04402206350273(10)LOTHD4078(17)280213,LOTHD4078,2028-02-13
00262565560232,(01)00262565560232(10)LOTVD4379(17)261201,LOTVD4379,2026-12-01
09112590636307,(01)09112590636307(10)LOTOM4599(17)270401,LOTOM4599,2027-04-01
04807613468328,(01)04807613468328(10)LOTYU8495(17)280909,LOTYU8495,2028-09-09
04703602126593,(01)04703602126593(10)LOTWL7101(17)260714,LOTWL7101,2026-07-14
04911441307718,(01)04911441307718(10)LOTDY3046(17)270420,LOTDY3046,2027-04-20
00227739904724,(01)00227739904724(10)LOTFS2427(17)270808,LOTFS2427,2027-08-08
09209231542841,(01)09209231542841(10)LOTBS0675(17)270507,LOTBS0675,2027-05-07
04435364981027,(01)04435364981027(10)LOTWD8772(17)260310,LOTWD8772,2026-03-10
06495572625579,(01)06495572625579(10)LOTEY7740(17)270110,LOTEY7740,2027-01-10
05725915646963,(01)05725915646963(10)LOTVR2080(17)280420,LOTVR2080,2028-04-20
02773967199275,(01)02773967199275(10)LOTBK9407(17)270227,LOTBK9407,2027-02-27
04612445176637,(01)04612445176637(10)LOTOX0749(17)270222,LOTOX0749,2027-02-22
05206545330984,(01)05206545330984(10)LOTRQ2657(17)280818,LOTRQ2657,2028-08-18
06178734125222,(01)06178734125222(10)LOTLA7386(17)260311,LOTLA7386,2026-03-11
01381476256009,(01)01381476256009(10)LOTJP6813(17)280524,LOTJP6813,2028-05-24
07040213169197,(01)07040213169197(10)LOTQL0244(17)260812,LOTQL0244,2026-08-12
00674558477937,(01)00674558477937(10)LOTFH8776(17)280221,LOTFH8776,2028-02-21
02140239711822,(01)02140239711822(10)LOTXK8931(17)270813,LOTXK8931,2027-08-13
08954034833894,(01)08954034833894(10)LOTPS3644(17)270723,LOTPS3644,2027-07-23
05406571131542,(01)05406571131542(10)LOTJI3455(17)271204,LOTJI3455,2027-12-04
01591992132026,(01)01591992132026(10)LOTKT3693(17)260104,LOTKT3693,2026-01-04
08956908585496,(01)08956908585496(10)LOTFP6087(17)280710,LOTFP6087,2028-07-10
04234725108833,(01)04234725108833(10)LOTHU4176(17)281011,LOTHU4176,2028-10-11
01643323993773,(01)01643323993773(10)LOTLS2229(17)260325,LOTLS2229,2026-03-25
04467137028141,(01)04467137028141(10)LOTEF3908(17)281105,LOTEF3908,2028-11-05
04770518252265,(01)04770518252265(10)LOTVI5331(17)270915,LOTVI5331,2027-09-15
06952853410182,(01)06952853410182(10)LOTJN9290(17)260126,LOTJN9290,2026-01-26
09945154931385,(01)09945154931385(10)LOTGI1418(17)280907,LOTGI1418,2028-09-07
09655165142242,(01)09655165142242(10)LOTLO1159(17)270522,LOTLO1159,2027-05-22
04986940262349,(01)04986940262349(10)LOTDG5739(17)260622,LOTDG5739,2026-06-22
02861488686975,(01)02861488686975(10)LOTWP1925(17)270816,LOTWP1925,2027-08-16
00407931659893,(01)00407931659893(10)LOTSL3706(17)270605,LOTSL3706,2027-06-05
06576186955006,(01)06576186955006(10)LOTAA3668(17)260904,LOTAA3668,2026-09-04
02030553347046,(01)02030553347046(10)LOTHP8289(17)270212,LOTHP8289,2027-02-12
04188917639387,(01)04188917639387(10)LOTNX5449(17)270824,LOTNX5449,2027-08-24
01991567429764,(01)01991567429764(10)LOTGZ6498(17)280806,LOTGZ6498,2028-08-06
02235970993764,(01)02235970993764(10)LOTSE2558(17)260126,LOTSE2558,2026-01-26
07082008908550,(01)07082008908550(10)LOTBI8179(17)260101,LOTBI8179,2026-01-01
04735123799888,(01)04735123799888(10)LOTRA0239(17)260323,LOTRA0239,2026-03-23
02913535384829,(01)02913535384829(10)LOTCX1728(17)280914,LOTCX1728,2028-09-14
04241208389528,(01)04241208389528(10)LOTSF3345(17)261219,LOTSF3345,2026-12-19
09582127063317,(01)09582127063317(10)LOTMW9175(17)260124,LOTMW9175,2026-01-24
07103161789999,(01)07103161789999(10)LOTMV8580(17)271227,LOTMV8580,2027-12-27
09779963994879,(01)09779963994879(10)LOTOI8099(17)261206,LOTOI8099,2026-12-06
01436452784868,(01)01436452784868(10)LOTKD4360(17)280813,LOTKD4360,2028-08-13
06820093752167,(01)06820093752167(10)LOTRD9374(17)270720,LOTRD9374,2027-07-20
06104180535896,(01)06104180535896(10)LOTFQ2432(17)270601,LOTFQ2432,2027-06-01
08589850758337,(01)08589850758337(10)LOTTJ0454(17)260116,LOTTJ0454,2026-01-16
07757623031227,(01)07757623031227(10)LOTFO6573(17)281227,LOTFO6573,2028-12-27
08662624269151,(01)08662624269151(10)LOTKS9826(17)270307,LOTKS9826,2027-03-07
09808970602344,(01)09808970602344(10)LOTFP0466(17)260702,LOTFP0466,2026-07-02
07416268480981,(01)07416268480981(10)LOTVI4541(17)280820,LOTVI4541,2028-08-20
08056691227914,(01)08056691227914(10)LOTHP3082(17)270613,LOTHP3082,2027-06-13
08094900773524,(01)08094900773524(10)LOTMQ7923(17)260822,LOTMQ7923,2026-08-22
01844288429165,(01)01844288429165(10)LOTWN4590(17)281206,LOTWN4590,2028-12-06
04615005824375,(01)04615005824375(10)LOTUW8340(17)260603,LOTUW8340,2026-06-03
09265436072545,(01)09265436072545(10)LOTBS1159(17)281028,LOTBS1159,2028-10-28
07154051085318,(01)07154051085318(10)LOTBQ8548(17)270322,LOTBQ8548,2027-03-22
05632543260464,(01)05632543260464(10)LOTVW3210(17)260128,LOTVW3210,2026-01-28
07917352019549,(01)07917352019549(10)LOTYC6914(17)261111,LOTYC6914,2026-11-11
08361081690521,(01)08361081690521(10)LOTPL1069(17)260527,LOTPL1069,2026-05-27
01222738454729,(01)01222738454729(10)LOTNC0800(17)270125,LOTNC0800,2027-01-25
08893040286747,(01)08893040286747(10)LOTVD3076(17)260906,LOTVD3076,2026-09-06
01018220978268,(01)01018220978268(10)LOTGN0151(17)261005,LOTGN0151,2026-10-05
00010522481065,(01)00010522481065(10)LOTAB8333(17)280925,LOTAB8333,2028-09-25
08728625385976,(01)08728625385976(10)LOTSW3278(17)260426,LOTSW3278,2026-04-26
09470357233290,(01)09470357233290(10)LOTNL3695(17)260422,LOTNL3695,2026-04-22
05210118108115,(01)05210118108115(10)LOTLR9162(17)281122,LOTLR9162,2028-11-22
04666671864042,(01)04666671864042(10)LOTSX6151(17)271023,LOTSX6151,2027-10-23
09369152762459,(01)09369152762459(10)LOTVN5126(17)270119,LOTVN5126,2027-01-19
07588604061700,(01)07588604061700(10)LOTTI3672(17)270924,LOTTI3672,2027-09-24
09192081605753,(01)09192081605753(10)LOTDV5551(17)270807,LOTDV5551,2027-08-07
04434546894759,(01)04434546894759(10)LOTYT0111(17)281026,LOTYT0111,2028-10-26
02997126335452,(01)02997126335452(10)LOTBQ7711(17)260818,LOTBQ7711,2026-08-18
05092521140414,(01)05092521140414(10)LOTFZ7981(17)270117,LOTFZ7981,2027-01-17
01439459726251,(01)01439459726251(10)LOTLS7381(17)261106,LOTLS7381,2026-11-06
00753129468243,(01)00753129468243(10)LOTCQ9489(17)260219,LOTCQ9489,2026-02-19
03179125853796,(01)03179125853796(10)LOTHO4180(17)281221,LOTHO4180,2028-12-21
03159809235766,(01)03159809235766(10)LOTBR9051(17)260906,LOTBR9051,2026-09-06
08792460784256,(01)08792460784256(10)LOTTR9003(17)260825,LOTTR9003,2026-08-25
06321455294856,(01)06321455294856(10)LOTJA0447(17)270603,LOTJA0447,2027-06-03
03476613077154,(01)03476613077154(10)LOTDZ6129(17)270105,LOTDZ6129,2027-01-05
09187948315036,(01)09187948315036(10)LOTAR8271(17)261020,LOTAR8271,2026-10-20
05073886179004,(01)05073886179004(10)LOTHU4015(17)270223,LOTHU4015,2027-02-23
06995204410615,(01)06995204410615(10)LOTUH2406(17)270304,LOTUH2406,2027-03-04
03867725045726,(01)03867725045726(10)LOTDC3437(17)281202,LOTDC3437,2028-12-02
07842777722234,(01)07842777722234(10)LOTNB2737(17)280425,LOTNB2737,2028-04-25
01945916250189,(01)01945916250189(10)LOTHA7611(17)260227,LOTHA7611,2026-02-27
08616363634633,(01)08616363634633(10)LOTYW5224(17)260513,LOTYW5224,2026-05-13
00652489595944,(01)00652489595944(10)LOTKD9560(17)270111,LOTKD9560,2027-01-11
02296591293640,(01)02296591293640(10)LOTXI2620(17)280102,LOTXI2620,2028-01-02
00892729516838,(01)00892729516838(10)LOTFY0357(17)281012,LOTFY0357,2028-10-12
06042030276103,(01)06042030276103(10)LOTYA3339(17)271128,LOTYA3339,2027-11-28
08592613021456,(01)08592613021456(10)LOTIA2570(17)270725,LOTIA2570,2027-07-25
05762778794110,(01)05762778794110(10)LOTJV5524(17)280217,LOTJV5524,2028-02-17
08347434803183,(01)08347434803183(10)LOTEF9333(17)270824,LOTEF9333,2027-08-24
07942603242315,(01)07942603242315(10)LOTBC6635(17)260906,LOTBC6635,2026-09-06
01314378779963,(01)01314378779963(10)LOTTO0592(17)280112,LOTTO0592,2028-01-12
06712428184449,(01)06712428184449(10)LOTLA4188(17)260917,LOTLA4188,2026-09-17
05702912092474,(01)05702912092474(10)LOTXT8074(17)260719,LOTXT8074,2026-07-19
04828772468998,(01)04828772468998(10)LOTEL8550(17)270803,LOTEL8550,2027-08-03
04562340743833,(01)04562340743833(10)LOTQX6341(17)281009,LOTQX6341,2028-10-09
07403690431834,(01)07403690431834(10)LOTLZ0759(17)260705,LOTLZ0759,2026-07-05
06724170977170,(01)06724170977170(10)LOTTV9872(17)260911,LOTTV9872,2026-09-11
07681196408134,(01)07681196408134(10)LOTBG1631(17)260418,LOTBG1631,2026-04-18
08900647922401,(01)08900647922401(10)LOTGS3015(17)271203,LOTGS3015,2027-12-03
05035705915507,(01)05035705915507(10)LOTBH5955(17)270801,LOTBH5955,2027-08-01
09952120207641,(01)09952120207641(10)LOTJO5813(17)260827,LOTJO5813,2026-08-27
02271338307583,(01)02271338307583(10)LOTJZ5585(17)260424,LOTJZ5585,2026-04-24
07209931921375,(01)07209931921375(10)LOTYO1967(17)260914,LOTYO1967,2026-09-14
01836665409051,(01)01836665409051(10)LOTRD3013(17)280807,LOTRD3013,2028-08-07
00850758656246,(01)00850758656246(10)LOTXE4915(17)261208,LOTXE4915,2026-12-08
02609984391104,(01)02609984391104(10)LOTCO3822(17)261217,LOTCO3822,2026-12-17
05471997349642,(01)05471997349642(10)LOTSF2287(17)270801,LOTSF2287,2027-08-01
01927120720979,(01)01927120720979(10)LOTDU2846(17)280409,LOTDU2846,2028-04-09
05115897092825,(01)05115897092825(10)LOTIX9361(17)280815,LOTIX9361,2028-08-15
09677236595856,(01)09677236595856(10)LOTIQ9007(17)280918,LOTIQ9007,2028-09-18
06382618078942,(01)06382618078942(10)LOTYB3340(17)281120,LOTYB3340,2028-11-20
01665198707392,(01)01665198707392(10)LOTTB1750(17)261003,LOTTB1750,2026-10-03
05848227068299,(01)05848227068299(10)LOTPB5920(17)260324,LOTPB5920,2026-03-24
06183613130341,(01)06183613130341(10)LOTEB9683(17)261003,LOTEB9683,2026-10-03
07713255154703,(01)07713255154703(10)LOTAB4182(17)260521,LOTAB4182,2026-05-21
04146538658903,(01)04146538658903(10)LOTDD8768(17)270707,LOTDD8768,2027-07-07
09441010048810,(01)09441010048810(10)LOTFA1221(17)281222,LOTFA1221,2028-12-22
07439298659233,(01)07439298659233(10)LOTWP1073(17)270821,LOTWP1073,2027-08-21
07214336148531,(01)07214336148531(10)LOTLD3468(17)280324,LOTLD3468,2028-03-24
01740255638687,(01)01740255638687(10)LOTLO5626(17)281220,LOTLO5626,2028-12-20
07737896823729,(01)07737896823729(10)LOTVK7758(17)270428,LOTVK7758,2027-04-28
05708224239835,(01)05708224239835(10)LOTWB7401(17)270712,LOTWB7401,2027-07-12
05723371435077,(01)05723371435077(10)LOTPM1489(17)280120,LOTPM1489,2028-01-20
04846179111736,(01)04846179111736(10)LOTCT9402(17)260127,LOTCT9402,2026-01-27
07321305867062,(01)07321305867062(10)LOTDC0043(17)280202,LOTDC0043,2028-02-02
00175570613247,(01)00175570613247(10)LOTSP5878(17)271020,LOTSP5878,2027-10-20
00949934835268,(01)00949934835268(10)LOTZN0158(17)260914,LOTZN0158,2026-09-14
08291162980909,(01)08291162980909(10)LOTCP8580(17)270116,LOTCP8580,2027-01-16
03082942941914,(01)03082942941914(10)LOTYQ5056(17)260427,LOTYQ5056,2026-04-27
08244079624114,(01)08244079624114(10)LOTNU8102(17)281009,LOTNU8102,2028-10-09
03303094626147,(01)03303094626147(10)LOTON9171(17)280823,LOTON9171,2028-08-23
06543486761958,(01)06543486761958(10)LOTIX0041(17)280322,LOTIX0041,2028-03-22
01707142346759,(01)01707142346759(10)LOTEF1339(17)280609,LOTEF1339,2028-06-09
02494360050696,(01)02494360050696(10)LOTRH1745(17)270319,LOTRH1745,2027-03-19
04211538965532,(01)04211538965532(10)LOTLO2331(17)270107,LOTLO2331,2027-01-07
09438099084471,(01)09438099084471(10)LOTPT6536(17)270326,LOTPT6536,2027-03-26
05952929003745,(01)05952929003745(10)LOTSI0424(17)260405,LOTSI0424,2026-04-05
09385628921977,(01)09385628921977(10)LOTVQ4400(17)280626,LOTVQ4400,2028-06-26
06791797821155,(01)06791797821155(10)LOTDH0451(17)280713,LOTDH0451,2028-07-13
06604805403321,(01)06604805403321(10)LOTUK2761(17)280401,LOTUK2761,2028-04-01
04338340057702,(01)04338340057702(10)LOTIT5580(17)280524,LOTIT5580,2028-05-24
08699294099382,(01)08699294099382(10)LOTAG5520(17)280405,LOTAG5520,2028-04-05
09496121398743,(01)09496121398743(10)LOTGQ2305(17)260824,LOTGQ2305,2026-08-24
02780669957348,(01)02780669957348(10)LOTES5753(17)260905,LOTES5753,2026-09-05
06665211423471,(01)06665211423471(10)LOTWT4849(17)281208,LOTWT4849,2028-12-08
07178596086555,(01)07178596086555(10)LOTWK7471(17)271112,LOTWK7471,2027-11-12
02504413340756,(01)02504413340756(10)LOTEQ3317(17)280614,LOTEQ3317,2028-06-14
08942047029564,(01)08942047029564(10)LOTVG8085(17)280514,LOTVG8085,2028-05-14
02960499348152,(01)02960499348152(10)LOTOK8903(17)270512,LOTOK8903,2027-05-12
05980506019513,(01)05980506019513(10)LOTYS9913(17)271221,LOTYS9913,2027-12-21
09934507464090,(01)09934507464090(10)LOTCB3149(17)280313,LOTCB3149,2028-03-13
07692369439909,(01)07692369439909(10)LOTFR5031(17)271108,LOTFR5031,2027-11-08
05299025001702,(01)05299025001702(10)LOTUW8038(17)270402,LOTUW8038,2027-04-02
06838026970212,(01)06838026970212(10)LOTBH7497(17)280723,LOTBH7497,2028-07-23
06626181165594,(01)06626181165594(10)LOTSA3890(17)271224,LOTSA3890,2027-12-24
09138137491017,(01)09138137491017(10)LOTSH8780(17)261122,LOTSH8780,2026-11-22
05144288688651,(01)05144288688651(10)LOTRS3866(17)270103,LOTRS3866,2027-01-03
06550326558975,(01)06550326558975(10)LOTEN8410(17)270715,LOTEN8410,2027-07-15
08534166823200,(01)08534166823200(10)LOTLL4201(17)270411,LOTLL4201,2027-04-11
07150884564693,(01)07150884564693(10)LOTLP9005(17)260808,LOTLP9005,2026-08-08
02188498737283,(01)02188498737283(10)LOTUG1853(17)261009,LOTUG1853,2026-10-09
06054991187428,(01)06054991187428(10)LOTJH9578(17)280912,LOTJH9578,2028-09-12
04752943785501,(01)04752943785501(10)LOTPT8144(17)270316,LOTPT8144,2027-03-16
08484024944618,(01)08484024944618(10)LOTRO5470(17)280816,LOTRO5470,2028-08-16
00454914263431,(01)00454914263431(10)LOTTE7636(17)271214,LOTTE7636,2027-12-14
02822988749522,(01)02822988749522(10)LOTKX2890(17)260810,LOTKX2890,2026-08-10
00701415825102,(01)00701415825102(10)LOTDJ5207(17)280825,LOTDJ5207,2028-08-25
04501165294946,(01)04501165294946(10)LOTMV3378(17)260603,LOTMV3378,2026-06-03
09096350991144,(01)09096350991144(10)LOTZA0879(17)280121,LOTZA0879,2028-01-21
09485790443151,(01)09485790443151(10)LOTRK3056(17)280918,LOTRK3056,2028-09-18
06182216174943,(01)06182216174943(10)LOTXW6671(17)271103,LOTXW6671,2027-11-03
09831757829993,(01)09831757829993(10)LOTUJ1850(17)260706,LOTUJ1850,2026-07-06
02678211772689,(01)02678211772689(10)LOTBA6933(17)261101,LOTBA6933,2026-11-01
07135484749947,(01)07135484749947(10)LOTCJ7526(17)271008,LOTCJ7526,2027-10-08
09319459316978,(01)09319459316978(10)LOTVA0053(17)281203,LOTVA0053,2028-12-03
02626653598633,(01)02626653598633(10)LOTUB9594(17)281123,LOTUB9594,2028-11-23
09074456781562,(01)09074456781562(10)LOTQA5194(17)271212,LOTQA5194,2027-12-12
04071264160829,(01)04071264160829(10)LOTBK3408(17)260923,LOTBK3408,2026-09-23
00635155062841,(01)00635155062841(10)LOTNO3997(17)270725,LOTNO3997,2027-07-25
03443916351540,(01)03443916351540(10)LOTCH4598(17)260225,LOTCH4598,2026-02-25
02271155775947,(01)02271155775947(10)LOTYG0352(17)280327,LOTYG0352,2028-03-27
00451887737556,(01)00451887737556(10)LOTES7609(17)260705,LOTES7609,2026-07-05
05953259758558,(01)05953259758558(10)LOTXV9070(17)281206,LOTXV9070,2028-12-06
01521503455689,(01)01521503455689(10)LOTTP5912(17)260909,LOTTP5912,2026-09-09
08203983308725,(01)08203983308725(10)LOTYA1276(17)281026,LOTYA1276,2028-10-26
05250117729126,(01)05250117729126(10)LOTND3464(17)260815,LOTND3464,2026-08-15
02516763409472,(01)02516763409472(10)LOTVT0317(17)260920,LOTVT0317,2026-09-20
06230631664867,(01)06230631664867(10)LOTGL4867(17)280702,LOTGL4867,2028-07-02
06688259099576,(01)06688259099576(10)LOTOS2535(17)260415,LOTOS2535,2026-04-15
00884807787049,(01)00884807787049(10)LOTXO5942(17)280309,LOTXO5942,2028-03-09
07100320176102,(01)07100320176102(10)LOTAI6167(17)270903,LOTAI6167,2027-09-03
01477612952499,(01)01477612952499(10)LOTEK3333(17)280116,LOTEK3333,2028-01-16
05245684325611,(01)05245684325611(10)LOTXR6854(17)281011,LOTXR6854,2028-10-11
00954974094124,(01)00954974094124(10)LOTCR6916(17)280206,LOTCR6916,2028-02-06
02605192630547,(01)02605192630547(10)LOTNR3203(17)270201,LOTNR3203,2027-02-01
09719884742234,(01)09719884742234(10)LOTUH4366(17)280327,LOTUH4366,2028-03-27
02451158026486,(01)02451158026486(10)LOTWS0888(17)270325,LOTWS0888,2027-03-25
06951710745139,(01)06951710745139(10)LOTOZ9112(17)260212,LOTOZ9112,2026-02-12
02888068304777,(01)02888068304777(10)LOTJY5240(17)280425,LOTJY5240,2028-04-25
01214433853136,(01)01214433853136(10)LOTQA5519(17)270422,LOTQA5519,2027-04-22
00740950589162,(01)00740950589162(10)LOTQH6987(17)280521,LOTQH6987,2028-05-21
00973089595890,(01)00973089595890(10)LOTYX6009(17)261010,LOTYX6009,2026-10-10
05376821373148,(01)05376821373148(10)LOTOF6356(17)270411,LOTOF6356,2027-04-11
04582500618573,(01)04582500618573(10)LOTZF4178(17)270119,LOTZF4178,2027-01-19
03623101729587,(01)03623101729587(10)LOTJU0346(17)280223,LOTJU0346,2028-02-23
06833711143841,(01)06833711143841(10)LOTWG3171(17)260813,LOTWG3171,2026-08-13
05865236071409,(01)05865236071409(10)LOTCN9651(17)280110,LOTCN9651,2028-01-10
06335667474821,(01)06335667474821(10)LOTVV3069(17)260206,LOTVV3069,2026-02-06
02680466799304,(01)02680466799304(10)LOTPL2842(17)270606,LOTPL2842,2027-06-06
00519649003537,(01)00519649003537(10)LOTQV3125(17)281011,LOTQV3125,2028-10-11
01550034101888,(01)01550034101888(10)LOTAW2747(17)260105,LOTAW2747,2026-01-05
02313069854315,(01)02313069854315(10)LOTHE7771(17)260914,LOTHE7771,2026-09-14
00748128031789,(01)00748128031789(10)LOTVG6801(17)271126,LOTVG6801,2027-11-26
00099523503655,(01)00099523503655(10)LOTCA4013(17)270907,LOTCA4013,2027-09-07
03258110445977,(01)03258110445977(10)LOTBT2557(17)261217,LOTBT2557,2026-12-17
04595057374595,(01)04595057374595(10)LOTOG2798(17)261207,LOTOG2798,2026-12-07
00657308516919,(01)00657308516919(10)LOTJI2204(17)280327,LOTJI2204,2028-03-27
01488710469086,(01)01488710469086(10)LOTGH9881(17)280301,LOTGH9881,2028-03-01
04785012981702,(01)04785012981702(10)LOTEO9477(17)261109,LOTEO9477,2026-11-09
07827214583852,(01)07827214583852(10)LOTXY6126(17)280815,LOTXY6126,2028-08-15
03400756409589,(01)03400756409589(10)LOTOI0558(17)280810,LOTOI0558,2028-08-10
05795389906795,(01)05795389906795(10)LOTXA1147(17)261227,LOTXA1147,2026-12-27
03966056525645,(01)03966056525645(10)LOTQS5932(17)260120,LOTQS5932,2026-01-20
09374774193901,(01)09374774193901(10)LOTTR5556(17)261020,LOTTR5556,2026-10-20
08859531887640,(01)08859531887640(10)LOTXM1493(17)270627,LOTXM1493,2027-06-27
04465693004166,(01)04465693004166(10)LOTZW2166(17)271020,LOTZW2166,2027-10-20
07370823133616,(01)07370823133616(10)LOTQS0280(17)260610,LOTQS0280,2026-06-10
08404201909278,(01)08404201909278(10)LOTBI5500(17)260815,LOTBI5500,2026-08-15
01903288180664,(01)01903288180664(10)LOTDP4960(17)281025,LOTDP4960,2028-10-25
08336416871920,(01)08336416871920(10)LOTUY8144(17)261124,LOTUY8144,2026-11-24
04382601715818,(01)04382601715818(10)LOTUP0484(17)260416,LOTUP0484,2026-04-16
04936707012113,(01)04936707012113(10)LOTFF9829(17)280228,LOTFF9829,2028-02-28
04142549802243,(01)04142549802243(10)LOTAT1171(17)260211,LOTAT1171,2026-02-11
08139034685074,(01)08139034685074(10)LOTIF8176(17)270825,LOTIF8176,2027-08-25
06698746027852,(01)06698746027852(10)LOTYJ7330(17)271117,LOTYJ7330,2027-11-17
00499585061368,(01)00499585061368(10)LOTAS5042(17)280706,LOTAS5042,2028-07-06
03087189832285,(01)03087189832285(10)LOTCT6005(17)270711,LOTCT6005,2027-07-11
00095365278126,(01)00095365278126(10)LOTBF2174(17)280322,LOTBF2174,2028-03-22
06288350745947,(01)06288350745947(10)LOTMV3196(17)270604,LOTMV3196,2027-06-04
07759473432773,(01)07759473432773(10)LOTML8127(17)270111,LOTML8127,2027-01-11
03168946826058,(01)03168946826058(10)LOTAK3109(17)280114,LOTAK3109,2028-01-14
02373482797064,(01)02373482797064(10)LOTLJ8686(17)260115,LOTLJ8686,2026-01-15
02357859014480,(01)02357859014480(10)LOTWV0619(17)270821,LOTWV0619,2027-08-21
07893807373179,(01)07893807373179(10)LOTVI1686(17)260104,LOTVI1686,2026-01-04
00539748262093,(01)00539748262093(10)LOTQJ0066(17)270813,LOTQJ0066,2027-08-13
04228213864783,(01)04228213864783(10)LOTSA4220(17)260427,LOTSA4220,2026-04-27
05496569145224,(01)05496569145224(10)LOTKY2887(17)270528,LOTKY2887,2027-05-28
09860752684672,(01)09860752684672(10)LOTLN2413(17)270301,LOTLN2413,2027-03-01
08776991203134,(01)08776991203134(10)LOTUQ2111(17)260420,LOTUQ2111,2026-04-20
00445695904125,(01)00445695904125(10)LOTVX9676(17)270516,LOTVX9676,2027-05-16
09315541571751,(01)09315541571751(10)LOTKB4405(17)260405,LOTKB4405,2026-04-05
08807006911635,(01)08807006911635(10)LOTJU7836(17)280218,LOTJU7836,2028-02-18
09681828898997,(01)09681828898997(10)LOTQY4732(17)271126,LOTQY4732,2027-11-26
01823499926113,(01)01823499926113(10)LOTZO8829(17)280525,LOTZO8829,2028-05-25
07151272050125,(01)07151272050125(10)LOTMW9392(17)270102,LOTMW9392,2027-01-02
08778357575879,(01)08778357575879(10)LOTKY5823(17)260202,LOTKY5823,2026-02-02
09446310010819,(01)09446310010819(10)LOTFP8366(17)280517,LOTFP8366,2028-05-17
08467292877215,(01)08467292877215(10)LOTJT1808(17)261002,LOTJT1808,2026-10-02
05656548230499,(01)05656548230499(10)LOTEB4506(17)281122,LOTEB4506,2028-11-22
04358429418705,(01)04358429418705(10)LOTDU3865(17)280420,LOTDU3865,2028-04-20
03430191942020,(01)03430191942020(10)LOTXU1129(17)260119,LOTXU1129,2026-01-19
03666809807317,(01)03666809807317(10)LOTLQ2259(17)260513,LOTLQ2259,2026-05-13
05672896026744,(01)05672896026744(10)LOTTD6130(17)280803,LOTTD6130,2028-08-03
09836265445079,(01)09836265445079(10)LOTOD6440(17)260625,LOTOD6440,2026-06-25
05929359938930,(01)05929359938930(10)LOTBT4682(17)271225,LOTBT4682,2027-12-25
01212134471635,(01)01212134471635(10)LOTBY8640(17)280415,LOTBY8640,2028-04-15
02762883561419,(01)02762883561419(10)LOTCU3428(17)270228,LOTCU3428,2027-02-28
04795482265363,(01)04795482265363(10)LOTFG2778(17)260724,LOTFG2778,2026-07-24
01382624900881,(01)01382624900881(10)LOTOA9876(17)270225,LOTOA9876,2027-02-25
09494842345633,(01)09494842345633(10)LOTOF3925(17)261027,LOTOF3925,2026-10-27
02339652587064,(01)02339652587064(10)LOTAW0080(17)281226,LOTAW0080,2028-12-26
09611258955489,(01)09611258955489(10)LOTJI2770(17)260118,LOTJI2770,2026-01-18
09959477519298,(01)09959477519298(10)LOTPP8898(17)281019,LOTPP8898,2028-10-19
01794179367536,(01)01794179367536(10)LOTTR8515(17)260724,LOTTR8515,2026-07-24
02591669436524,(01)02591669436524(10)LOTJI8876(17)280626,LOTJI8876,2028-06-26
02424122302879,(01)02424122302879(10)LOTMO1841(17)280721,LOTMO1841,2028-07-21
02191662992500,(01)02191662992500(10)LOTZP2667(17)260905,LOTZP2667,2026-09-05
03287694823420,(01)03287694823420(10)LOTAJ9353(17)280409,LOTAJ9353,2028-04-09
07950706599236,(01)07950706599236(10)LOTNL5564(17)280316,LOTNL5564,2028-03-16
05834869130722,(01)05834869130722(10)LOTOP5113(17)280503,LOTOP5113,2028-05-03
07785881433149,(01)07785881433149(10)LOTMW7580(17)271224,LOTMW7580,2027-12-24
01003548558032,(01)01003548558032(10)LOTOG8816(17)260907,LOTOG8816,2026-09-07
05067540651807,(01)05067540651807(10)LOTSC5481(17)270207,LOTSC5481,2027-02-07
06653484343336,(01)06653484343336(10)LOTPA4568(17)270513,LOTPA4568,2027-05-13
04676964829023,(01)04676964829023(10)LOTKL9216(17)280306,LOTKL9216,2028-03-06
02865413718700,(01)02865413718700(10)LOTHV6521(17)270510,LOTHV6521,2027-05-10
00567518041845,(01)00567518041845(10)LOTIF3415(17)260607,LOTIF3415,2026-06-07
06621239009028,(01)06621239009028(10)LOTZW3440(17)271222,LOTZW3440,2027-12-22
06516459859495,(01)06516459859495(10)LOTFA3088(17)270626,LOTFA3088,2027-06-26
04245469814850,(01)04245469814850(10)LOTUR7705(17)271121,LOTUR7705,2027-11-21
09856767527813,(01)09856767527813(10)LOTXK5614(17)270717,LOTXK5614,2027-07-17
01291406296190,(01)01291406296190(10)LOTAZ0930(17)281226,LOTAZ0930,2028-12-26
05171133905670,(01)05171133905670(10)LOTJS1457(17)280916,LOTJS1457,2028-09-16
01617333358846,(01)01617333358846(10)LOTMO0794(17)270501,LOTMO0794,2027-05-01
07895579580274,(01)07895579580274(10)LOTBZ7512(17)260925,LOTBZ7512,2026-09-25
04858493901832,(01)04858493901832(10)LOTFE8108(17)260517,LOTFE8108,2026-05-17
00228471236432,(01)00228471236432(10)LOTQY0303(17)271001,LOTQY0303,2027-10-01
01726722011047,(01)01726722011047(10)LOTIY8524(17)261010,LOTIY8524,2026-10-10
01746833822493,(01)01746833822493(10)LOTCZ0523(17)271219,LOTCZ0523,2027-12-19
03277200828339,(01)03277200828339(10)LOTGW9612(17)260916,LOTGW9612,2026-09-16
08819988672091,(01)08819988672091(10)LOTNC1045(17)281103,LOTNC1045,2028-11-03
09023969148980,(01)09023969148980(10)LOTJG3898(17)270506,LOTJG3898,2027-05-06
01810324940925,(01)01810324940925(10)LOTMX7403(17)260723,LOTMX7403,2026-07-23
04999729597693,(01)04999729597693(10)LOTVG8852(17)280304,LOTVG8852,2028-03-04
05913039047715,(01)05913039047715(10)LOTKB1538(17)270208,LOTKB1538,2027-02-08
02395544820268,(01)02395544820268(10)LOTAW7026(17)271026,LOTAW7026,2027-10-26
08270749212596,(01)08270749212596(10)LOTGJ1588(17)260727,LOTGJ1588,2026-07-27
08373062595695,(01)08373062595695(10)LOTHM8899(17)260818,LOTHM8899,2026-08-18
03753876643587,(01)03753876643587(10)LOTBQ1500(17)270721,LOTBQ1500,2027-07-21
06525476015104,(01)06525476015104(10)LOTQL9587(17)271208,LOTQL9587,2027-12-08
06883126387170,(01)06883126387170(10)LOTOR3624(17)280809,LOTOR3624,2028-08-09
08989535509238,(01)08989535509238(10)LOTKX9621(17)281113,LOTKX9621,2028-11-13
09889393763980,(01)09889393763980(10)LOTLB3438(17)261223,LOTLB3438,2026-12-23
09127614439192,(01)09127614439192(10)LOTSM1009(17)270926,LOTSM1009,2027-09-26
06670827863764,(01)06670827863764(10)LOTJR2269(17)261201,LOTJR2269,2026-12-01
07004583583274,(01)07004583583274(10)LOTWF8189(17)280326,LOTWF8189,2028-03-26
09721949483679,(01)09721949483679(10)LOTVG0335(17)281016,LOTVG0335,2028-10-16
02279601235496,(01)02279601235496(10)LOTOS6284(17)280710,LOTOS6284,2028-07-10
05598809550758,(01)05598809550758(10)LOTJI6096(17)281215,LOTJI6096,2028-12-15
07467876119855,(01)07467876119855(10)LOTBJ9389(17)261201,LOTBJ9389,2026-12-01
06821433445459,(01)06821433445459(10)LOTLY8735(17)270526,LOTLY8735,2027-05-26
05268546620068,(01)05268546620068(10)LOTAW8046(17)261111,LOTAW8046,2026-11-11
09538358973901,(01)09538358973901(10)LOTPC8081(17)280108,LOTPC8081,2028-01-08
04967710462909,(01)04967710462909(10)LOTGU5396(17)260523,LOTGU5396,2026-05-23
05010786230565,(01)05010786230565(10)LOTMR8425(17)281027,LOTMR8425,2028-10-27
09879980433259,(01)09879980433259(10)LOTKP1855(17)280621,LOTKP1855,2028-06-21
09515145269287,(01)09515145269287(10)LOTEK5328(17)270402,LOTEK5328,2027-04-02
03378989104123,(01)03378989104123(10)LOTCY7627(17)281225,LOTCY7627,2028-12-25
05148274233740,(01)05148274233740(10)LOTPL1343(17)260709,LOTPL1343,2026-07-09
02274280247761,(01)02274280247761(10)LOTJR1768(17)270523,LOTJR1768,2027-05-23
01681787876966,(01)01681787876966(10)LOTIW9231(17)271219,LOTIW9231,2027-12-19
01637915727433,(01)01637915727433(10)LOTAQ4331(17)260811,LOTAQ4331,2026-08-11
09304970820868,(01)09304970820868(10)LOTUQ5915(17)280801,LOTUQ5915,2028-08-01
08288952256924,(01)08288952256924(10)LOTWA4367(17)270524,LOTWA4367,2027-05-24
08008184086157,(01)08008184086157(10)LOTBI8544(17)261110,LOTBI8544,2026-11-10
08640820217244,(01)08640820217244(10)LOTDN0091(17)270415,LOTDN0091,2027-04-15
09407230519172,(01)09407230519172(10)LOTNN5701(17)270425,LOTNN5701,2027-04-25
05259238195872,(01)05259238195872(10)LOTYO0504(17)270128,LOTYO0504,2027-01-28
04074748976657,(01)04074748976657(10)LOTGM0741(17)270313,LOTGM0741,2027-03-13
08240277354464,(01)08240277354464(10)LOTUH0805(17)260605,LOTUH0805,2026-06-05
03152128665641,(01)03152128665641(10)LOTKE1578(17)271025,LOTKE1578,2027-10-25
00000272672332,(01)00000272672332(10)LOTOM5393(17)261212,LOTOM5393,2026-12-12
05879018486770,(01)05879018486770(10)LOTMX1646(17)260701,LOTMX1646,2026-07-01
00481664965599,(01)00481664965599(10)LOTQP4414(17)260904,LOTQP4414,2026-09-04
03939624807450,(01)03939624807450(10)LOTJD7936(17)261112,LOTJD7936,2026-11-12
02600583525174,(01)02600583525174(10)LOTRI5739(17)260521,LOTRI5739,2026-05-21
08423846133992,(01)08423846133992(10)LOTMP7866(17)280215,LOTMP7866,2028-02-15
03376141292299,(01)03376141292299(10)LOTSY0935(17)270512,LOTSY0935,2027-05-12
01909380273686,(01)01909380273686(10)LOTMK9507(17)260228,LOTMK9507,2026-02-28
07697703622894,(01)07697703622894(10)LOTWH1704(17)280505,LOTWH1704,2028-05-05
08438319512181,(01)08438319512181(10)LOTCV8028(17)280917,LOTCV8028,2028-09-17
08994104301212,(01)08994104301212(10)LOTRX1863(17)261104,LOTRX1863,2026-11-04
06112204168081,(01)06112204168081(10)LOTWL2053(17)281105,LOTWL2053,2028-11-05
02535348989444,(01)02535348989444(10)LOTRT4335(17)280109,LOTRT4335,2028-01-09
00778437662732,(01)00778437662732(10)LOTQO5913(17)280123,LOTQO5913,2028-01-23
00941606467265,(01)00941606467265(10)LOTWV8412(17)271216,LOTWV8412,2027-12-16
05432508409101,(01)05432508409101(10)LOTOQ5370(17)260224,LOTOQ5370,2026-02-24
05638207122031,(01)05638207122031(10)LOTUB3914(17)270318,LOTUB3914,2027-03-18
00042968049882,(01)00042968049882(10)LOTHT3433(17)260319,LOTHT3433,2026-03-19
01168698957620,(01)01168698957620(10)LOTEF9838(17)271213,LOTEF9838,2027-12-13
00116669718276,(01)00116669718276(10)LOTDV1089(17)281011,LOTDV1089,2028-10-11
00705233854603,(01)00705233854603(10)LOTMF3735(17)280106,LOTMF3735,2028-01-06
03788029774412,(01)03788029774412(10)LOTKL2205(17)270813,LOTKL2205,2027-08-13
06767857397717,(01)06767857397717(10)LOTUJ2443(17)260928,LOTUJ2443,2026-09-28
00776688604280,(01)00776688604280(10)LOTXV0990(17)281024,LOTXV0990,2028-10-24
04084473848556,(01)04084473848556(10)LOTAI3682(17)270207,LOTAI3682,2027-02-07
04430555921738,(01)04430555921738(10)LOTAY1658(17)260809,LOTAY1658,2026-08-09
03718549191789,(01)03718549191789(10)LOTNO6839(17)270223,LOTNO6839,2027-02-23
07681830249291,(01)07681830249291(10)LOTNF1128(17)270308,LOTNF1128,2027-03-08
09373039987156,(01)09373039987156(10)LOTGS9077(17)260404,LOTGS9077,2026-04-04
05076674025507,(01)05076674025507(10)LOTNF1150(17)271123,LOTNF1150,2027-11-23
02221256648497,(01)02221256648497(10)LOTYT3629(17)260109,LOTYT3629,2026-01-09
02289574963210,(01)02289574963210(10)LOTSU5061(17)260312,LOTSU5061,2026-03-12
06205896299116,(01)06205896299116(10)LOTBN7312(17)260323,LOTBN7312,2026-03-23
01046799950774,(01)01046799950774(10)LOTDH0303(17)280811,LOTDH0303,2028-08-11
05910471247529,(01)05910471247529(10)LOTGJ5430(17)261009,LOTGJ5430,2026-10-09
01744970490063,(01)01744970490063(10)LOTFQ7671(17)261224,LOTFQ7671,2026-12-24
00986679497528,(01)00986679497528(10)LOTXM2253(17)260623,LOTXM2253,2026-06-23
09622805514318,(01)09622805514318(10)LOTGE9644(17)261010,LOTGE9644,2026-10-10
07463672730652,(01)07463672730652(10)LOTWV3546(17)260803,LOTWV3546,2026-08-03
06198431758387,(01)06198431758387(10)LOTXF9591(17)261012,LOTXF9591,2026-10-12
05074710693345,(01)05074710693345(10)LOTQK7940(17)260602,LOTQK7940,2026-06-02
07973377819885,(01)07973377819885(10)LOTHC8626(17)281209,LOTHC8626,2028-12-09
06145951380406,(01)06145951380406(10)LOTCJ5449(17)271208,LOTCJ5449,2027-12-08
08853579880335,(01)08853579880335(10)LOTHW2395(17)270109,LOTHW2395,2027-01-09
03321922648567,(01)03321922648567(10)LOTIE3485(17)280407,LOTIE3485,2028-04-07
08016264467932,(01)08016264467932(10)LOTES5893(17)281225,LOTES5893,2028-12-25
02705409350753,(01)02705409350753(10)LOTUB0038(17)280307,LOTUB0038,2028-03-07
06084804076083,(01)06084804076083(10)LOTVJ5727(17)280808,LOTVJ5727,2028-08-08
03669696703410,(01)03669696703410(10)LOTFJ2493(17)271211,LOTFJ2493,2027-12-11
07879286981562,(01)07879286981562(10)LOTAG8955(17)270828,LOTAG8955,2027-08-28
07950257807736,(01)07950257807736(10)LOTBN4775(17)270128,LOTBN4775,2027-01-28
05053933809719,(01)05053933809719(10)LOTNO5865(17)260519,LOTNO5865,2026-05-19
05166815680105,(01)05166815680105(10)LOTXP5133(17)270825,LOTXP5133,2027-08-25
06308058401171,(01)06308058401171(10)LOTIQ6296(17)270308,LOTIQ6296,2027-03-08
02465864249176,(01)02465864249176(10)LOTLU1565(17)270527,LOTLU1565,2027-05-27
02950071027179,(01)02950071027179(10)LOTAU2254(17)280803,LOTAU2254,2028-08-03
03304949428657,(01)03304949428657(10)LOTBB3549(17)270920,LOTBB3549,2027-09-20
08865038603645,(01)08865038603645(10)LOTIC3530(17)280715,LOTIC3530,2028-07-15
04272040363995,(01)04272040363995(10)LOTWA7936(17)280602,LOTWA7936,2028-06-02
07865993376951,(01)07865993376951(10)LOTNP4009(17)270709,LOTNP4009,2027-07-09
02625568375360,(01)02625568375360(10)LOTNK7095(17)271205,LOTNK7095,2027-12-05
04917753794246,(01)04917753794246(10)LOTDZ0016(17)280324,LOTDZ0016,2028-03-24
02074769623778,(01)02074769623778(10)LOTNK6747(17)260821,LOTNK6747,2026-08-21
06239208524870,(01)06239208524870(10)LOTCM9264(17)271114,LOTCM9264,2027-11-14
02816010948397,(01)02816010948397(10)LOTHH5778(17)261224,LOTHH5778,2026-12-24
00684467783128,(01)00684467783128(10)LOTEO2859(17)280908,LOTEO2859,2028-09-08
06253927933041,(01)06253927933041(10)LOTPU8412(17)281123,LOTPU8412,2028-11-23
00127269194735,(01)00127269194735(10)LOTHL2208(17)280125,LOTHL2208,2028-01-25
05970995880589,(01)05970995880589(10)LOTXU5722(17)281119,LOTXU5722,2028-11-19
03011159655178,(01)03011159655178(10)LOTNL4638(17)271221,LOTNL4638,2027-12-21
08751276693428,(01)08751276693428(10)LOTMY0946(17)281205,LOTMY0946,2028-12-05
09401689436561,(01)09401689436561(10)LOTPD3260(17)280325,LOTPD3260,2028-03-25
04166182338273,(01)04166182338273(10)LOTAU0250(17)270820,LOTAU0250,2027-08-20
04060791216543,(01)04060791216543(10)LOTYP1225(17)260609,LOTYP1225,2026-06-09
06507525378095,(01)06507525378095(10)LOTLM9402(17)260207,LOTLM9402,2026-02-07
00197524770769,(01)00197524770769(10)LOTXJ2925(17)281219,LOTXJ2925,2028-12-19
08349243027477,(01)08349243027477(10)LOTDD6717(17)281005,LOTDD6717,2028-10-05
05355952834230,(01)05355952834230(10)LOTNZ0710(17)281214,LOTNZ0710,2028-12-14
09617288944684,(01)09617288944684(10)LOTRK2442(17)280525,LOTRK2442,2028-05-25
03741853323454,(01)03741853323454(10)LOTKF6415(17)260705,LOTKF6415,2026-07-05
09524965591447,(01)09524965591447(10)LOTNV2192(17)280315,LOTNV2192,2028-03-15
02325503881092,(01)02325503881092(10)LOTLG2499(17)280403,LOTLG2499,2028-04-03
04116909397052,(01)04116909397052(10)LOTEG8560(17)261014,LOTEG8560,2026-10-14
04645128538361,(01)04645128538361(10)LOTMS0263(17)280606,LOTMS0263,2028-06-06
06956033681010,(01)06956033681010(10)LOTMO7134(17)270117,LOTMO7134,2027-01-17
07365945179116,(01)07365945179116(10)LOTHR1626(17)270517,LOTHR1626,2027-05-17
08457983215143,(01)08457983215143(10)LOTQR8931(17)280604,LOTQR8931,2028-06-04
05194464534487,(01)05194464534487(10)LOTHX6362(17)270212,LOTHX6362,2027-02-12
07136913706647,(01)07136913706647(10)LOTYH7242(17)280506,LOTYH7242,2028-05-06
00072518921238,(01)00072518921238(10)LOTBW8334(17)260128,LOTBW8334,2026-01-28
09895830503637,(01)09895830503637(10)LOTRA8673(17)270207,LOTRA8673,2027-02-07
01246616148722,(01)01246616148722(10)LOTQN8012(17)271017,LOTQN8012,2027-10-17
09027107829045,(01)09027107829045(10)LOTAO5752(17)270819,LOTAO5752,2027-08-19
06089560033745,(01)06089560033745(10)LOTKS5199(17)280625,LOTKS5199,2028-06-25
04403307810109,(01)04403307810109(10)LOTSC1773(17)271220,LOTSC1773,2027-12-20
05667934397405,(01)05667934397405(10)LOTMK9252(17)280313,LOTMK9252,2028-03-13
06269572704073,(01)06269572704073(10)LOTDA5311(17)270905,LOTDA5311,2027-09-05
02757658627636,(01)02757658627636(10)LOTGX5229(17)280605,LOTGX5229,2028-06-05
01370096210676,(01)01370096210676(10)LOTNX1732(17)280106,LOTNX1732,2028-01-06
01629927323390,(01)01629927323390(10)LOTZO5389(17)270703,LOTZO5389,2027-07-03
00120603714484,(01)00120603714484(10)LOTXF3537(17)280413,LOTXF3537,2028-04-13
09128325217772,(01)09128325217772(10)LOTPB8906(17)270826,LOTPB8906,2027-08-26
01935617712901,(01)01935617712901(10)LOTGM5772(17)270105,LOTGM5772,2027-01-05
09930490345309,(01)09930490345309(10)LOTUK2385(17)270724,LOTUK2385,2027-07-24
07506260416665,(01)07506260416665(10)LOTVK1503(17)260410,LOTVK1503,2026-04-10
03190927828348,(01)03190927828348(10)LOTJC8670(17)260924,LOTJC8670,2026-09-24
02233236052620,(01)02233236052620(10)LOTZD2558(17)280611,LOTZD2558,2028-06-11
08311376823417,(01)08311376823417(10)LOTZT4876(17)271115,LOTZT4876,2027-11-15
05057545458068,(01)05057545458068(10)LOTKM6485(17)280213,LOTKM6485,2028-02-13
03849904151077,(01)03849904151077(10)LOTEE9155(17)271214,LOTEE9155,2027-12-14
00489807991337,(01)00489807991337(10)LOTVM5372(17)270213,LOTVM5372,2027-02-13
02310977809499,(01)02310977809499(10)LOTKY0803(17)260126,LOTKY0803,2026-01-26
08281939841366,(01)08281939841366(10)LOTME9774(17)260321,LOTME9774,2026-03-21
02709185103039,(01)02709185103039(10)LOTBC9612(17)261110,LOTBC9612,2026-11-10
00315978229347,(01)00315978229347(10)LOTEA8639(17)280219,LOTEA8639,2028-02-19
08699208990361,(01)08699208990361(10)LOTAB3925(17)281216,LOTAB3925,2028-12-16
00799196894486,(01)00799196894486(10)LOTQK5715(17)280623,LOTQK5715,2028-06-23
05275386403997,(01)05275386403997(10)LOTGN2971(17)270509,LOTGN2971,2027-05-09
04806103255899,(01)04806103255899(10)LOTQM3069(17)261113,LOTQM3069,2026-11-13
03784963457275,(01)03784963457275(10)LOTXN5725(17)260214,LOTXN5725,2026-02-14
03033639051546,(01)03033639051546(10)LOTKN8702(17)270525,LOTKN8702,2027-05-25
03462177387198,(01)03462177387198(10)LOTAK0755(17)260811,LOTAK0755,2026-08-11
08609380844659,(01)08609380844659(10)LOTTV7011(17)280517,LOTTV7011,2028-05-17
02045234956837,(01)02045234956837(10)LOTVM2915(17)260609,LOTVM2915,2026-06-09
07455863844279,(01)07455863844279(10)LOTWX8161(17)270227,LOTWX8161,2027-02-27
00163772090881,(01)00163772090881(10)LOTWM9460(17)271125,LOTWM9460,2027-11-25
04320667280536,(01)04320667280536(10)LOTNI8915(17)270620,LOTNI8915,2027-06-20
02094965166183,(01)02094965166183(10)LOTCJ0502(17)280111,LOTCJ0502,2028-01-11
08344066667558,(01)08344066667558(10)LOTWR0497(17)270917,LOTWR0497,2027-09-17
00321113114805,(01)00321113114805(10)LOTWT5578(17)281202,LOTWT5578,2028-12-02
00736611964034,(01)00736611964034(10)LOTHA9318(17)270415,LOTHA9318,2027-04-15
07282301788587,(01)07282301788587(10)LOTIJ0579(17)280604,LOTIJ0579,2028-06-04
09676895657479,(01)09676895657479(10)LOTQL3482(17)280524,LOTQL3482,2028-05-24
04235832705380,(01)04235832705380(10)LOTTA7136(17)280125,LOTTA7136,2028-01-25
07943628679230,(01)07943628679230(10)LOTUR3140(17)280313,LOTUR3140,2028-03-13
04058921216433,(01)04058921216433(10)LOTXJ9435(17)260907,LOTXJ9435,2026-09-07
00532490181292,(01)00532490181292(10)LOTKJ4141(17)280526,LOTKJ4141,2028-05-26
04607401890528,(01)04607401890528(10)LOTMJ2170(17)261218,LOTMJ2170,2026-12-18
06453368491692,(01)06453368491692(10)LOTCN5030(17)280409,LOTCN5030,2028-04-09
04433649622290,(01)04433649622290(10)LOTJK5966(17)280114,LOTJK5966,2028-01-14
02683029735108,(01)02683029735108(10)LOTEG5703(17)260308,LOTEG5703,2026-03-08
05469424115946,(01)05469424115946(10)LOTMY6172(17)261023,LOTMY6172,2026-10-23
05101836493907,(01)05101836493907(10)LOTZZ7455(17)260520,LOTZZ7455,2026-05-20
09632006301990,(01)09632006301990(10)LOTYZ0413(17)281126,LOTYZ0413,2028-11-26
09451187370898,(01)09451187370898(10)LOTGO4676(17)260503,LOTGO4676,2026-05-03
01491591868688,(01)01491591868688(10)LOTRB5689(17)281219,LOTRB5689,2028-12-19
06140447047214,(01)06140447047214(10)LOTWY7618(17)270701,LOTWY7618,2027-07-01
05416832267934,(01)05416832267934(10)LOTAZ9541(17)271005,LOTAZ9541,2027-10-05
01076525463094,(01)01076525463094(10)LOTHO4731(17)280403,LOTHO4731,2028-04-03
07379603046184,(01)07379603046184(10)LOTJB2309(17)271113,LOTJB2309,2027-11-13
08377046325957,(01)08377046325957(10)LOTVB8338(17)280403,LOTVB8338,2028-04-03
06222907105792,(01)06222907105792(10)LOTEI9269(17)280423,LOTEI9269,2028-04-23
03297131121989,(01)03297131121989(10)LOTHX2888(17)270528,LOTHX2888,2027-05-28
09993085366158,(01)09993085366158(10)LOTVF8087(17)280411,LOTVF8087,2028-04-11
01398961686692,(01)01398961686692(10)LOTWC4077(17)270823,LOTWC4077,2027-08-23
04834864777763,(01)04834864777763(10)LOTTQ9179(17)280917,LOTTQ9179,2028-09-17
03607933428924,(01)03607933428924(10)LOTSN5853(17)270304,LOTSN5853,2027-03-04
08381950003047,(01)08381950003047(10)LOTIW8911(17)281220,LOTIW8911,2028-12-20
05511768649936,(01)05511768649936(10)LOTUC6564(17)270910,LOTUC6564,2027-09-10
06258522537144,(01)06258522537144(10)LOTHQ1035(17)260815,LOTHQ1035,2026-08-15
06184691728840,(01)06184691728840(10)LOTJM5256(17)270923,LOTJM5256,2027-09-23
00420707020666,(01)00420707020666(10)LOTQD8905(17)281021,LOTQD8905,2028-10-21
02637378916909,(01)02637378916909(10)LOTAD6534(17)280722,LOTAD6534,2028-07-22
00492070427441,(01)00492070427441(10)LOTUA9414(17)260728,LOTUA9414,2026-07-28
04087377604778,(01)04087377604778(10)LOTVX7898(17)260528,LOTVX7898,2026-05-28
01724582589096,(01)01724582589096(10)LOTRK6733(17)270427,LOTRK6733,2027-04-27
09172869940795,(01)09172869940795(10)LOTKN2160(17)261125,LOTKN2160,2026-11-25
04782942320854,(01)04782942320854(10)LOTPT6175(17)270414,LOTPT6175,2027-04-14
03227630501937,(01)03227630501937(10)LOTTB7264(17)270710,LOTTB7264,2027-07-10
09000901489547,(01)09000901489547(10)LOTDZ6867(17)260825,LOTDZ6867,2026-08-25
06972214062508,(01)06972214062508(10)LOTBL1828(17)271205,LOTBL1828,2027-12-05
08877501165208,(01)08877501165208(10)LOTJN5157(17)261023,LOTJN5157,2026-10-23
03073513280112,(01)03073513280112(10)LOTOH0145(17)281016,LOTOH0145,2028-10-16
08966695139871,(01)08966695139871(10)LOTFY1638(17)280505,LOTFY1638,2028-05-05
01175466444251,(01)01175466444251(10)LOTRX9565(17)260725,LOTRX9565,2026-07-25
00752225078752,(01)00752225078752(10)LOTVF7524(17)280807,LOTVF7524,2028-08-07
05818907001120,(01)05818907001120(10)LOTQB9976(17)280225,LOTQB9976,2028-02-25
01056292404636,(01)01056292404636(10)LOTVV5113(17)270309,LOTVV5113,2027-03-09
02189800315595,(01)02189800315595(10)LOTDQ7091(17)280828,LOTDQ7091,2028-08-28
06470690258670,(01)06470690258670(10)LOTXS0793(17)270408,LOTXS0793,2027-04-08
08053151453012,(01)08053151453012(10)LOTNW5849(17)281213,LOTNW5849,2028-12-13
00468835966074,(01)00468835966074(10)LOTDH1637(17)280616,LOTDH1637,2028-06-16
03604336713145,(01)03604336713145(10)LOTAA8666(17)280213,LOTAA8666,2028-02-13
06474773704566,(01)06474773704566(10)LOTKC0747(17)261218,LOTKC0747,2026-12-18
06434824380989,(01)06434824380989(10)LOTMQ9100(17)260424,LOTMQ9100,2026-04-24
09434038616482,(01)09434038616482(10)LOTBO8557(17)280220,LOTBO8557,2028-02-20
00657407954681,(01)00657407954681(10)LOTML5041(17)280425,LOTML5041,2028-04-25
00352143726478,(01)00352143726478(10)LOTJE0908(17)260412,LOTJE0908,2026-04-12
07253388044057,(01)07253388044057(10)LOTBQ0867(17)270117,LOTBQ0867,2027-01-17
03747948297587,(01)03747948297587(10)LOTZV6166(17)281117,LOTZV6166,2028-11-17
09172470411516,(01)09172470411516(10)LOTON3304(17)260825,LOTON3304,2026-08-25
05737878046803,(01)05737878046803(10)LOTVC6732(17)280728,LOTVC6732,2028-07-28
02240949576985,(01)02240949576985(10)LOTKB5041(17)280909,LOTKB5041,2028-09-09
08432977222611,(01)08432977222611(10)LOTFK7204(17)260728,LOTFK7204,2026-07-28
02159940461001,(01)02159940461001(10)LOTXN1892(17)271124,LOTXN1892,2027-11-24
09653170511596,(01)09653170511596(10)LOTEU5435(17)280509,LOTEU5435,2028-05-09
04123663124688,(01)04123663124688(10)LOTPX1809(17)260204,LOTPX1809,2026-02-04
04631667578975,(01)04631667578975(10)LOTGE8847(17)280303,LOTGE8847,2028-03-03
04983685080184,(01)04983685080184(10)LOTLH5641(17)260317,LOTLH5641,2026-03-17
06833442732369,(01)06833442732369(10)LOTBM0258(17)260225,LOTBM0258,2026-02-25
09019441355694,(01)09019441355694(10)LOTND3024(17)280502,LOTND3024,2028-05-02
08593459453333,(01)08593459453333(10)LOTFD6719(17)280313,LOTFD6719,2028-03-13
05391685572445,(01)05391685572445(10)LOTOL3095(17)260616,LOTOL3095,2026-06-16
05626498528595,(01)05626498528595(10)LOTBF4235(17)281024,LOTBF4235,2028-10-24
07956293659810,(01)07956293659810(10)LOTOP2529(17)260721,LOTOP2529,2026-07-21
04336201317989,(01)04336201317989(10)LOTOF5269(17)270823,LOTOF5269,2027-08-23
04272308742739,(01)04272308742739(10)LOTOP3587(17)260115,LOTOP3587,2026-01-15
09721693195170,(01)09721693195170(10)LOTDP4464(17)270804,LOTDP4464,2027-08-04
06244450893261,(01)06244450893261(10)LOTIQ9471(17)260325,LOTIQ9471,2026-03-25
00885407424204,(01)00885407424204(10)LOTXV2316(17)270522,LOTXV2316,2027-05-22
07743074249939,(01)07743074249939(10)LOTTL8663(17)271102,LOTTL8663,2027-11-02
00230591970646,(01)00230591970646(10)LOTOV3199(17)281019,LOTOV3199,2028-10-19
09088280890697,(01)09088280890697(10)LOTBE0856(17)270715,LOTBE0856,2027-07-15
00298370353714,(01)00298370353714(10)LOTKK6548(17)260112,LOTKK6548,2026-01-12
07492289249936,(01)07492289249936(10)LOTFV0263(17)260615,LOTFV0263,2026-06-15
03244081788854,(01)03244081788854(10)LOTMH9969(17)260105,LOTMH9969,2026-01-05
07533105293624,(01)07533105293624(10)LOTXZ9883(17)271117,LOTXZ9883,2027-11-17
00029666125179,(01)00029666125179(10)LOTND6419(17)260113,LOTND6419,2026-01-13
02176122701236,(01)02176122701236(10)LOTJA1909(17)270320,LOTJA1909,2027-03-20
01463996300483,(01)01463996300483(10)LOTIC0469(17)270107,LOTIC0469,2027-01-07
00596755484597,(01)00596755484597(10)LOTTQ2974(17)261005,LOTTQ2974,2026-10-05
00202696113747,(01)00202696113747(10)LOTDV9181(17)261012,LOTDV9181,2026-10-12
06622561643836,(01)06622561643836(10)LOTRB8389(17)280828,LOTRB8389,2028-08-28
01674091173753,(01)01674091173753(10)LOTAH4570(17)270213,LOTAH4570,2027-02-13
05811902508496,(01)05811902508496(10)LOTCM4484(17)270923,LOTCM4484,2027-09-23
09561445792864,(01)09561445792864(10)LOTBE0354(17)271013,LOTBE0354,2027-10-13
07670532052971,(01)07670532052971(10)LOTNC7371(17)280503,LOTNC7371,2028-05-03
06928744110547,(01)06928744110547(10)LOTSS5146(17)260909,LOTSS5146,2026-09-09
08159668821105,(01)08159668821105(10)LOTRE6614(17)270910,LOTRE6614,2027-09-10
01049303411952,(01)01049303411952(10)LOTTY1218(17)270314,LOTTY1218,2027-03-14
03477531042323,(01)03477531042323(10)LOTOJ9959(17)260322,LOTOJ9959,2026-03-22
02553641663472,(01)02553641663472(10)LOTXF9294(17)260208,LOTXF9294,2026-02-08
01323352273953,(01)01323352273953(10)LOTVG3965(17)281026,LOTVG3965,2028-10-26
01469470853490,(01)01469470853490(10)LOTSH3002(17)280417,LOTSH3002,2028-04-17
02474676339463,(01)02474676339463(10)LOTCI9675(17)280711,LOTCI9675,2028-07-11
08787982306789,(01)08787982306789(10)LOTNM9378(17)260113,LOTNM9378,2026-01-13
03279053199666,(01)03279053199666(10)LOTFN2863(17)270325,LOTFN2863,2027-03-25
08604726238291,(01)08604726238291(10)LOTVJ9450(17)270513,LOTVJ9450,2027-05-13
01809368476095,(01)01809368476095(10)LOTWF6307(17)280706,LOTWF6307,2028-07-06
06751864707775,(01)06751864707775(10)LOTMY2117(17)281113,LOTMY2117,2028-11-13
01670431368148,(01)01670431368148(10)LOTZV3527(17)261223,LOTZV3527,2026-12-23
06020868352909,(01)06020868352909(10)LOTJQ3125(17)270918,LOTJQ3125,2027-09-18
04108022425859,(01)04108022425859(10)LOTPI6881(17)280728,LOTPI6881,2028-07-28
01748286866307,(01)01748286866307(10)LOTFC7154(17)280501,LOTFC7154,2028-05-01
